name, addr, lon, lat
오하브 글램핑,북면 꽃넘이길 43, 127.527012, 37.896166
힐포인트,수지구 동천로 541, 127.0527565, 37.3513547
가평 2PM애견펜션,상면 청군로 690-13, 127.3521492, 37.7958862
가평 퍼피밸리 애견 펜션,북면 백둔로133번길 8, 127.4890274, 37.8978139
개댁 애견 펜션,상면 축령로 276-16, 127.3443695, 37.774225
까망베르애견풀빌라,북면 백둔로133번길 68-26, 127.4849106, 37.8964418
댕댕이계곡펜션,북면 가화로 1450, 127.5100426, 37.8974059
더리조트멍,조종면 현등사길 55-279, 127.3452116, 37.8602639
도그더왈츠,북면 가화로 1462-39, 127.5076875, 37.89756250000001
바비네하우스 애견펜션,가평읍 상지로 1040, 127.4976335, 37.7382739
스위트몽,상면 축령로 102, 127.3609742, 37.7745951
우다다 애견 펜션,가평읍 태봉두밀로 522-101, 127.4415745, 37.81596439999999
플레이독 애견펜션,상면 수목원로 391-25, 127.3539177, 37.7465246
피크닉댕댕,천보산로 344, 127.1081858, 37.8669849
멍라밸 독체,단원구 대부남동 1072-71, 126.5789654, 37.2287731
도그베이 송추점,장흥면 호국로 542-20, 126.9745781, 37.7179915
몽이네 애견펜션,서종면 도장계곡길 54, 127.397516, 37.602795
밸런스독펜션,지평면 바깥섬부리1길 3-29, 127.6555942, 37.464216
편안하개 애견펜션,양동면 양서북로 593-20, 127.7696475, 37.4627804
퐁당 애견펜션,용문면 망능길 4, 127.6247684, 37.5324077
더블스테이 애견펜션 또또멍 연천1호점,미산면 노아로 670-16, 126.9631635, 38.0190656
위드독펜션,미산면 노아로 670-102, 126.9630281, 38.0194929
아임버디 애견펜션,탄현면 필승로 487-32, 126.6872542, 37.784995
플레이라움,적성면 장뜰길 335, 126.9761905, 37.973548
더히로 플레이그라운드,화현면 봉화로 201-65, 127.2762541, 37.8657167
부엉이애견펜션,일동면 윗갈기길 23-12, 127.3238262, 37.9676759
쓰담쓰담애견펜션,일동면 사기막길 67-4, 127.3360407, 37.97214
콩알팬션,소흘읍 죽엽산로 391-3, 127.1676959, 37.79879409999999
로만티카 애견리조트,화도면 해안남로 1986, 126.4125607, 37.60460339999999
리니스하우스,양도면 강화남로 1077-23, 126.418167, 37.69009039999999
멍숲,불은면 중앙로 576-2, 126.4492394, 37.7122828
뷰나인 애견펜션,화도면 해안남로 2709-8, 126.3782988, 37.6363247
러블리펫108,영흥면 선재로 76-27, 126.5313198, 37.2358279
링크독애견테마파크 글램핑 & 오토캠핑장,설악면 신천중앙로28번길 101-60, 127.4899281, 37.6605421
새와참새 캠핑장,설악면 엄소리 47, 127.5084187, 37.64384839999999
숲속의정원,북면 가화로 988-50, 127.5507032, 37.8818607
아워포레스트,가평읍 가화로 440-113, 127.5090623, 37.8551243
애견동반 올덴 카라반&펜션,청평면 고성리 22, 127.5167133, 37.7021377
캠플레이 캠핑장,상면 비룡로 1610-15, 127.2884438, 37.7801487
더 드림핑 글램핑,화도읍 북한강로 1630-22, 127.3701474, 37.6529829
물동네힐링캠프,수동면 비룡로 945, 127.3155777, 37.7174654
사나래글램핑,용문면 중원산로 525, 127.6199337, 37.546956
산음자연휴양림,단월면 고북길 347, 127.6036758, 37.5892267
여가,지평면 망미리 150, 127.6569998, 37.4388753
금은모래캠핑장,강변유원지길 105, 127.6662438, 37.2932473
골드펫리조트,기흥구 기흥단지로 406, 127.1369132, 37.2188123
위드독스in포천,관인면 뗏마루길 128-26, 127.2516772, 38.1204586
바다다 캠핑장,화도면 내리 2146-2, 126.3799855, 37.63701280000001
가평 구름위산책펜션&글램핑,조종면 운악청계로 238-38, 127.3556119, 37.8345064
개가사는그집,가평읍 복장포길 85, 127.5040605, 37.73920399999999
까망봉다리,조종면 명지산로 184-45, 127.3693734, 37.8894202
더스테이힐링파크,설악면 한서로268번길 157, 127.5223905, 37.6608446
도그버디,북면 화악산로356번길 44-145, 127.565951, 37.9072302
동반 풀빌라펜션,가평읍 태봉두밀로596번길 84, 127.4296086, 37.8111506
마을 펜션,청평면 대성리 572-7, 127.369095, 37.6873494
멍밸리,상면 수목원로164번길 16, 127.3620765, 37.7627843
모나코펜션,상면 임초밤안골로 252, 127.3640582, 37.7505642
반디빌리지펜션,설악면 묵안로 287, 127.5075981, 37.6454218
보니하니,상면 임초리 160, 127.3721885, 37.75503459999999
빌라퍼즈,설악면 유명로 2150-20, 127.4610628, 37.70247630000001
스테이엘 펜션,상면 수목원로386번길 14-19, 127.3509977, 37.7492262
아다마스펜션,상면 안말길 55-91, 127.2844608, 37.78410259999999
애프터눈 가든,상면 둔덕말길 13-120, 127.3169697, 37.7927363
어부바 펜션,설악면 유명로 625-52, 127.4921618, 37.603132
오블리펜션,상면 임초밤안골로 251, 127.3641509, 37.7500691
위드멍 애견동반펜션,상면 수목원로 417-17, 127.3539554, 37.7445523
자니펜션,북면 백둔로133번길 12-12, 127.48809 3,7.8975585
포시즌밸리,북면 백둔로 389, 127.4657733, 37.9015304
델라고펜션,용문면 금곡리 366-3, 127.6139999, 37.5082873
메리도그하우스,청운면 가현길 440, 127.7300292, 37.5204146
슬로우인 풀빌라,단월면 섬이길 329-11, 127.5793832, 37.627681
오늘하루고마웠다펜션,옥천면 옥천돌고갯길 8-50, 127.4686751, 37.5151451
주주송 독채펜션,옥천면 중미산로 1231, 127.4601556, 37.5851851
팔레 드 차밍,양동면 아래배내1길 36-28, 127.7818686, 37.3900808
바크라우더,탄현면 법흥로 82-47, 126.7067342, 37.7767569
오블라디 풀빌라,문산읍 문현말길 113-14, 126.7710152, 37.8465564
더케이즈펜션,일동면 운악청계로1480번길 49, 127.3408355, 37.94009569999999
포포펜션,화현면 봉화로 315-69, 127.275625, 37.874766
하늘ZIP펜션,일동면 화동로857번길 5-40, 127.3069266, 37.9406061
참쉼터,남양읍 장덕북길 20번길 8-15, 126.8043309, 37.1599694
무무펜션,화도면 사기리 98-2, 126.4599632, 37.6198247
섬섬한옥,강화읍 궁골길5번길 8-3, 126.4809468, 37.7521454
어나더153,화도면 해안남로 1669-12, 126.4375262, 37.5944541
올라펜션,영흥면 선재로 76-10, 126.5314026, 37.23529959999999
라까사 호텔 서울,도산대로1길 83, 127.0194807, 37.52210590000001
호텔 카푸치노,봉은사로 155, 127.0315248, 37.5067961
비스타 워커힐 서울,워커힐로 177, 127.1112096, 37.5543699
라이즈  오토그래프 컬렉션,양화로 130, 126.9213026, 37.5543688
그랜드 머큐어 앰배서더 호텔 앤 레지던스 서울 용산,청파로20길 95, 126.9611002, 37.5322959
레스케이프 호텔,퇴계로 67, 126.979724, 37.5601147
밀레니엄 힐튼 서울,소월로 50, 126.9757787, 37.5552286
프레이저플레이스 센트럴,통일로 78, 126.9697425, 37.56255489999999
오크우드 프리미어 인천,컨벤시아대로 165, 126.644207, 37.389264
더 위크앤 리조트,용유서로 379, 126.3709376, 37.45036959999999
갓잇 일산점,일산동구 일산로394번길 19-3 1층, 126.7819668, 37.6704474
캘리인더볼,연희로 32-1 1층, 126.9272861, 37.56160309999999
라마네의식주,분당구 산운로160번길 20-9 1층 101호, 127.0785698, 37.3928074
반치앙마이 위례,수정구 위례광장로 70 1층 131호, 127.1410592, 37.4644951
꾸안,팔달구 화서문로 60 1층, 127.0146984, 37.2854987
포이남,용민로 477 103호, 127.1008546, 37.74825999999999
까폼,선릉로153길 18 지하1층, 127.0380967, 37.52485540000001
쏭타이 역삼점,테헤란로39길 51 옥산빌딩 1층 102호, 127.0403591, 37.50564070000001
리틀방콕 고덕점,동남로79길 26 고덕아이파크 상가 1층, 127.1551361, 37.5598125
반둥식당,아차산로 200 커먼그라운드 3층, 127.0655 37,.54143750000001
라오삐악,희우정로10길 5, 126.9044503, 37.5527037
The Andaman,남부순환로 2636 성문빌딩 1층 101-2호, 127.0388942, 37.4847134
냐항,연무장길 9-6 1층, 127.0510203, 37.5439077
레몬그라스,연무장길 41-26 1층, 127.0542589, 37.54337880000001
리틀방콕 왕십리뉴타운점,왕십리로 410, 127.0259971, 37.566583
봉쥬르,상원2길 7, 127.049629, 37.54586700000001
동방,보문로30라길 20 1층, 127.0186549, 37.5898189
골든타이,위례성대로 66 1층, 127.119429, 37.514683
촙촙 롯데월드몰점,올림픽로 300 롯데월드타워앤롯데월드몰 지하1층 3355, 127.1049811, 37.5143802
효뜨,한강대로40가길 6 1층 2층, 126.9712949, 37.5303121
알로이 짱,용마산로115길 71 2층, 127.0964187, 37.5981518
샤카보울 일산비치점,일산동구 대산로11번길 32-13 1층 102호, 126.7730199, 37.66852900000001
선셋스위밍 샌드위치,언주로170길 23 1층, 127.0355756, 37.5268125
위트앤미트 강남점,강남대로110길 32 1층, 127.0274771, 37.5036414
파지티브호텔 플래그십,압구정로46길 77, 127.119102, 37.50400500000001
슬로우캘리 신도림점,경인로59길 7 상가동 1층 101호, 126.8828721, 37.5055421
케슬리,상계로1길 74 113호, 127.061516, 37.6594037
반미프엉,"성미산로29길 20 1, 2, 3층", 126.9224369, 37.5649537
소스포소스,독막로 147-7, 126.9297462, 37.5482267
브럭시 롯데월드몰점,올림픽로 300, 127.1043177, 37.5136408
썬더롤스,국제금융로 10 IFC몰 L1층 144호, 126.9255491, 37.5251644
샐러드셀러,대사관로5길 28, 127.0003693, 37.5353922
카사블랑카 샌드위치,신흥로 35, 126.9870995, 37.5416063
실리그린,계동길 59, 126.9866541, 37.5798977
카프샌드,남동대로733번길 56-7 1층, 126.7039899, 37.4484783
멜로우터틀,일산동구 강촌로26번길 73-22 1층, 126.7831274, 37.6447892
삼식당,덕양구 삼원안길 44 1층, 126.8735431, 37.6359284
에그앤피넛,일산동구 일산로380번길 63-32 1층, 126.780518, 37.6752325
파스타힐,일산동구 일산로463번길 15-4 1층, 126.7754095, 37.6733771
힐하우스,덕양구 동헌로 385-18, 126.768499, 37.6837881
오로르,해평로 125-36 1층, 126.6603732, 37.6521278
피렌체 테이블,별내중앙로 84, 127.1227414, 37.6486472
립플레이,부일로 718 2층, 126.8096991, 37.48506949999999
여월가든,원미로281번길 123 동불사, 126.7925637, 37.5115905
라스토리아1001,분당구 판교공원로3길 24, 127.0889006, 37.3910302
로우테라스,수정구 청계산로5길 8 1층, 127.0999537, 37.4247524
루트스테이,분당구 정자일로 140, 127.1066793, 37.3625722
월페이퍼,분당구 새마을로 101, 127.1415699, 37.38358789999999
149플라밍고,영통구 법조로149번길 47 1층, 127.0711728, 37.2939348
더테라스,영통구 삼성로 194 4층, 127.0586898, 37.2600731
봉주르하와이,영통구 광교호수공원로 80 앨리웨이상가 앨리키즈동1층101~103, 127.0625326, 37.2744614
비원,팔달구 신풍로63번길 3-1, 127.013588, 37.286587
뽁식당 호매실점,권선구 금곡로196번길 62 SJ타워 1층 109호~111호, 126.9408213, 37.27104190000001
커들,권선구 칠보로88번길 155-11 1층, 126.9418899, 37.2623938
투섹션,영통구 법조로 25 SK레이크타워 1층 121~123호, 127.0604376, 37.2869757
팻보이그라운드,팔달구 화서문로72번길 27-8 1층, 127.0171277, 37.28478199999999
PPK 키친,팔달구 인계로124번길 27-18 신일빌딩 1층, 127.0315638, 37.2656864
베러스퀘어,달월길 87, 126.7536026, 37.3781891
뽁식당 배곧점,서울대학로264번길 25 블루동 2층, 126.7841031, 37.4389636
그릴 휘바,장흥면 호국로550번길 107, 126.980305, 37.7161988
로그하우스,어하고개로 127, 127.1085618, 37.8140412
알로하오에,양서면 양수로138번길 51, 127.3222896, 37.5480341
루트889,처인구 포곡읍 성산로 435, 127.204986, 37.280739
문스,기흥구 죽전로15번길 15-3 1층, 127.1099746, 37.3218174
포멜로,기흥구 죽전로15번길 12-8 1층, 127.1105056, 37.3214655
파르팔레,시민로121번길 87 2층, 127.0507748, 37.7419531
고기공,파평면 율곡로 881, 126.8268084, 37.9099915
마마경양식,가람로21번길 26-27, 126.7527648, 37.7355214
뮌스터담,운정로 113-175, 126.7841899, 37.7266367
잇탈리 헤이리점,탄현면 헤이리마을길 48-9, 126.6987642, 37.78790980000001
테이블드파스타,미사강변한강로354번길 10 1층, 127.19263 3,7.56337300000001
까사밀,도산대로1길 83 라까사호텔 1층, 127.0195533, 37.5221501
달마시안,압구정로42길 42, 127.0345172, 37.5262389
립합 라운지,압구정로4길 14-14, 127.0197442, 37.5210425
바 밀라,삼성로149길 13, 127.0465332, 37.523136
비스트로상수,논현로 54 1층, 127.0474411, 37.4752804
사루비아,논현로153길 57 1층, 126.98237 3,7.5793552
세바,언주로151길 21 1층, 127.0316974, 37.521643
스케줄청담,선릉로152길 37 1층, 127.0426668, 37.5246112
스페인클럽 가로수본점,압구정로10길 26, 127.0219275, 37.5219051
신사890,강남대로152길 26 2층, 127.0215497, 37.5175361
어썸로즈,압구정로10길 40 지하1층, 127.0220009, 37.5208907
에이치피 서울,봉은사로6길 34 지상 2층, 127.1246453, 37.4871922
윌로뜨,선릉로148길 48 미준빌딩 3층, 127.0434301, 37.5228153
자매의 부엌,압구정로10길 40, 127.0220195, 37.5208983
조인바이트,선릉로112길 13, 127.0445989, 37.5114941
청담오후,선릉로 708 2층, 127.0411314, 37.5181689
틴틴 강남점,봉은사로2길 19, 127.0261472, 37.50354220000001
호쿠모쿠,압구정로46길 5-12 1층, 127.0377047, 37.52788049999999
UPPERWEST,도산대로15길 25, 127.023592, 37.5197985
33acre,아리수로61길 33, 127.1498221, 37.563133
닐리 고덕점,동남로73길 31 2층, 127.1544004, 37.5527665
담금 올림픽점,성내로18길 37, 127.1284273, 37.52530970000001
심플잇,천면로100길 11 1층 101호, 127.1717121, 37.5503648
라포레스타,월계로 173, 127.0406246, 37.6214312
공간녹음,공항대로 227 403호 마곡센트럴타워 1차, 126.832897, 37.5591136
애견동반식당 사랑봄,신원로3가길 6, 126.9276702, 37.4813305
해밀,서해안로18길 24, 126.8375515, 37.4882942
비단콤마,상도로30길 40 상가 A동 107호, 126.9429325, 37.5039763
23플래터,잔다리로3안길 36 1층, 126.9193423, 37.55042419999999
38도씨식당,와우산로17길 19-17 2층, 126.921578, 37.5493886
르팔러,양화로 45 103동 1층 175호 (서교동 메세나폴리스, 126.9134767, 37.5489656
마레스타,월드컵북로4길 15, 126.9206122, 37.5571908
아로,동교로8길 39 1층, 126.9056101, 37.5503067
얼띵앤키친,토정로5길 22, 126.9185635, 37.54639879999999
이응이응이응이응,독막로 63-1 1층 2층 정원 및 루프탑, 126.9206978, 37.5480344
장화신은고양이,월드컵로19길 16 지하, 126.9081978, 37.5567076
카페 뚜또 페르 뚜띠,동교로 149-16, 126.9181098, 37.55562
풀스트릿,동교로51안길 16 풀스트릿, 126.9246108, 37.5652285
훌라훌라,희우정로10길 4, 126.9046156, 37.5526068
July 16th,와우산로23길 35-6 3층, 126.923292, 37.55453649999999
로라,증가로32길 23-8 1층, 126.9120482, 37.5848694
마우디,연희로11길 18, 126.9301042, 37.5674559
희게,증가로 1 2층, 126.9319079, 37.5686237
다 피타 시그니처,서초대로 3-4 1층 106호, 126.9830638, 37.4860394
모나크비스트로,잠원로 145-57 메리모나크 3층, 127.0078431, 37.51923049999999
문쥬스,서초대로25길 33 1층, 126.9934482, 37.48917749999999
미스터처비,방배로26길 19 2층, 126.9938955, 37.4893876
미스터처비 반포점,사평대로45길 10-25, 127.0139319, 37.5065936
파스타 트리오,강남대로 545-15 미주빌딩 102호, 127.0204248, 37.51015719999999
푸드더즈매터,서래로1길 10 1층, 126.9970973, 37.49620120000001
HIDE 방배,방배중앙로 164, 126.9865405, 37.4936595
누메로도스,상원1길 35-9, 127.0473209, 37.54632350000001
누메로뜨레스,성수일로 21 1층, 127.0485921, 37.5425602
아치,서울숲2길 20-12, 127.0407314, 37.5467585
코시나,성수일로11길 8 선일빌딩1층, 127.0507211, 37.5491207
포피나,서울숲2길 13 1층, 127.0401893, 37.5472921
dooop,서울숲2길 16-8 1층, 127.0402181, 37.5469895
도이칠란드 박,솔샘로6길 30-15 1층, 127.0069599, 37.6087743
빌라드코스테스,화랑로5길 4, 127.0390983, 37.60270879999999
이태리맨션,동소문로26마길 2-4 1층, 127.0212281, 37.5937778
쵸이양식,동소문로20나길 26-1 2층, 127.0180602, 37.592253
테레,"정릉로27길 40 지하1층, 1~2층", 127.0136753, 37.6055013
wnch,고려대로7길 48 1층, 127.020147, 37.58802920000001
라코즈,백제고분로45길 40 a동 2층 201호, 127.1074854, 37.5109904
로얄테라스가든,올림픽로 300, 127.103495, 37.5130605
빈티지 1981,석촌호수로 194 태호빌딩 2층, 127.0985653, 37.50620200000001
옐로우팟,송파대로 167 문정역테라타워 1차 A동 120호, 127.1258648, 37.48452320000001
쿠치나 디 까사,"송파대로 201 송파테라타워2 A동 1층 A-110, 111호", 127.1195202, 37.487033
포지타노,"오금로15길 12 1,2층", 127.1096469, 37.512616
하이윤,송파대로40길 1-26, 127.1088066, 37.5041433
가정경양,목동동로 437 향도 드림네스트 1층 101호, 126.8309393, 37.5305468
미노파스타,목동중앙본로 36 102호, 126.8692991, 37.5395468
부부부엌,목동중앙본로 117 1층, 126.8712096, 37.5459742
비스트로406,목동동로 226, 126.8719545, 37.5256756
웨이브스,도림로 434-11, 126.8950318, 37.5148173
1989 비스트로,회나무로13가길 37 1층, 126.9916238, 37.5410035
라샌독 오스테리아,이태원로54길 62-9 1층, 127.0006764, 37.5353401
리틀넥한남,한남대로27길 66 1층, 127.0029806, 37.5396132
몽크스부처,이태원로 228-1 대로변 3층 4층, 126.9991935, 37.5354302
살팀보카,한강대로76길 11-36 1층, 126.9737383, 37.5423332
쇼니노,한강대로21길 17-18 1층, 126.9633671, 37.5263125
시우어게인,녹사평대로 210-6 5층, 126.987420, 37.536385
쌤쌤쌤,한강대로50길 25 1층, 126.9721504, 37.5315423
윤세영식당,한남대로 164, 127.0024599, 37.5425156
카키스터프,회나무로13가길 46-8, 126.991972, 37.5406875
꼰떼,창의문로5길 6-1 1층, 126.9638127, 37.5921974
베테카텐,삼청로7길 7 1층, 126.9812918, 37.5837024
봉심식당,대학로11길 38-23 지하1층, 127.0006727, 37.58275830000001
빠리가옥,수표로28길 33-4, 126.990229, 37.5732578
파란대문,창의문로 168, 126.9638782, 37.59476859999999
1번지남산돈가스커피,소파로 91, 126.9849067, 37.55669969999999
브레라,동호로17길 295 대명빌딩2층, 127.006931, 37.5483438
사마리칸트,마른내로 159-10, 127.0059114, 37.5649968
동백별관,장제로 714, 126.7342232, 37.5313149
그래잇,부평문화로65번길 19, 126.723371, 37.494922
음식남녀,우현로72번길 3-11 1층, 126.6305309, 37.473711
에베레스트 스타필드 하남점,미사대로 750 스타필드 하남 1층, 127.2230712, 37.5448222
인딕슬로우,압구정로4길 13, 127.0203205, 37.5218699
질할브로스 청담점,압구정로79길 32 1층, 127.0498222, 37.52498620000001
베제투스,신흥로 59, 126.9872559, 37.5436774
라이프 카레앤커피,일산서구 일산로803번길 13 1층, 126.7480624, 37.6719169
소코아,일산동구 산두로 53 1층, 126.7888253, 37.6630097
이누네코식당,덕양구 신원로 16 1층, 126.8899736, 37.6620694
모나미카레,팔달구 화서문로17번길 52 1층, 127.0120389, 37.28664699999999
저스트텐동 양평점,용문면 용문산로 255, 127.599693, 37.52005279999999
모던한옥카페 핑크마티니,처인구 동부로 823, 127.2770423, 37.1892309
하다식당,풍성로 105 1층, 127.1239992, 37.5323961
구찌짱,도봉로10가길 12 지하1층, 127.0310535, 37.61297700000001
길회뜨다횟집,신림로59길 12 양지순대촌 별동, 126.9293133, 37.4837435
멘쇼우라멘,남부순환로230길 25, 126.95556 3,7.47909480000001
바다수다,쑥고개로 73-1 1층, 126.9447482, 37.4795763
경양카츠 상수점,와우산로 25, 126.9226902, 37.5467344
미자카야,포은로8길 5 1층, 126.90503 3,7.5563869
시바카야 라카세,독막로9길 3 1층 좌측, 126.9193959, 37.5485415
키친숲,동교로 256-10 1층, 126.9251461, 37.56239869999999
하카타분코,독막로19길 43, 126.9237503, 37.5488759
유가츠,서울숲4길 12-7 B1, 127.0423639, 37.5473277
윤경양식당,서울숲2길 40, 127.0429686, 37.5463743
들숨날숨,보문로32길 84 1층, 127.0207482, 37.5903634
담소스키야키,백제고분로31길 32 1층 103호, 127.0958177, 37.50542009999999
하코야 문래역점,당산로 34, 126.8964798, 37.517425
봉쥬르스고이,회나무로 32 B1, 126.9901764, 37.53941340000001
정거장뒤,가좌로 185, 126.9202116, 37.5874469
헤르지아,소파로 97, 126.9854786, 37.5567542
까멜,일산동구 중앙로1261번길 17 1층, 126.7729475, 37.6579384
명월관,일산동구 강송로87번길 36, 126.7874619, 37.64642349999999
화약,일산동구 일산로358번길 5-26 1층, 126.7838063, 37.66797650000001
와이키키,분당구 판교로319번길 13 107호, 127.0679137, 37.8260757
더부스 광교 앨리웨이점,영통구 광교호수공원로 80 앨리웨이광교 판매H동, 127.0607247, 37.2748113
더부엌,영통구 대학1로8번길 41, 127.0437543, 37.29875879999999
루프독스,팔달구 정조로 775-5 정율빌딩 3층, 127.0160814, 37.2770468
올라올래,팔달구 화서문로 64 4층, 127.0149424, 37.2855521
레브,언주로172길 54 1층, 127.0380194, 37.5268072
워커비,도산대로49길 6-10 지하1층, 127.0379356, 37.5235501
만국미식회,천호대로157길 18 원방빌딩 지하 1층, 127.127466, 37.53844969999999
haeimsi,천호대로157길 26 4층, 127.1274956, 37.5388775
스몰 스파이시 올리브,마곡중앙4로 22 B동 1층 111호, 126.8294265, 37.5584411
호호방,마곡중앙로 161-1 마곡나루 캐슬파크 1층 115호, 126.8276089, 37.5677127
아씨펍 크래프트,새말로 102 신도림포스빌 147호, 126.8917187, 37.5055949
테니스피자펍,경인로47길 42-1, 126.8659373, 37.5011369
3공간,동작대로9길 8-10 1층, 126.9812995, 37.48099
돈페페,사당로30길 123-1, 126.9808228, 37.4793766
오마주,사당로30길 96 1층, 126.9806707, 37.4805007
낮도깨비 밤도깨비,월드컵로15길 76 1층, 126.9075231, 37.5536853
루나씨엘로,"동교로34길 21 3, 4층", 126.925538, 37.56083599999999
루프탑지니,"월드컵북로4길 23-5 3층,4층", 126.9206814, 37.55753139999999
레이씨,연희맛로 17-14 이층, 126.9290368, 37.5671888
게락,방배중앙로 169 1층 5호, 126.9858981, 37.49401210000001
타이밍 뮤직바,양재천로 135-4 솔빌딩 1층, 127.0421756, 37.47903209999999
파운드로컬,나루터로 65, 127.0168966, 37.515454
문화식당 성수점,성수일로4길 45 2층, 127.0538147, 37.5422651
문화식당,보문로30나길 37, 127.0202944, 37.59103719999999
스패로우,동소문로20가길 50, 127.0188984, 37.59347100000001
이쩜이오,동소문로22길 57-4 지하, 127.0188194, 37.590487
째즈스토리,혜화로 88, 126.9981799, 37.5927374
술노리아,문정로1길 31, 127.1235523, 37.4888952
크래프트아일랜드 잠실점,"올림픽로35가길 10 더샵스타파크상가 114호, 115호, 119호", 127.1022734, 37.51727959999999
블랑,양산로23길 6, 126.8976109, 37.52435189999999
비어바나,도림로129길 5-1, 126.8953108, 37.5132973
남산케미스트리,회나무로 33, 126.9903945, 37.5397739
더구룸,이태원로 208 4층, 126.9970473, 37.5345018
더테이블키친,이태원로54길 58-7, 127.0007435, 37.5356306
성광대도,신흥로 63, 126.9870849, 37.5438561
어글리소사이어티,보광로59길 40 6층, 126.991823, 37.53393560000001
몰림,사직로10길 5 몰림, 126.9704748, 37.5756317
심야식당,대명길 39-5 1층, 126.9996027, 37.582766
문화식당 신당동,퇴계로86길 3-1, 127.0198286, 37.5654204
분카샤 충무로점,퇴계로31길 16 우형빌딩 4층, 126.9923898, 37.56185380000001
약술,다산로21길 5 1층, 127.011941, 37.5578139
하피덕 시청점,서소문로 136, 127.0421756, 37.47903209999999
로만티카,상봉로25길 39 1층, 127.0908575, 37.5946897
오순도순,망우로30길 8 1층, 127.0742542, 37.5926999
량목,일산동구 대산로11번길 85 1층 우측, 126.7718033, 37.6664188
효교,일산동구 일산로380번길 41, 126.7830564, 37.67047029999999
효교향동,덕양구 향기4로 21 1층, 126.8977345, 37.599626
오백년짬뽕,처인구 한터로 158, 127.2279649, 37.248532
짬뽕지존 수지동천점,수지구 고기로 59, 127.0954926, 37.3432227
킹박스,강남대로140길 9 1층, 127.0212099, 37.5139927
103호심야식당,양평로 64-1 1층, 126.8996239, 37.5352615
팔레드신,퇴계로 67 레스케이프 호텔 6층, 126.9795036, 37.5598362
레이지버거클럽 원흥점,덕양구 서오릉로 740 1층, 126.863487, 37.6413698
슈팅맨,일산동구 동국로 109-10, 126.8032409, 37.68206199999999
찰리스버거 분당,분당구 느티로 69 숲안조합상가 102호, 127.1122212, 37.3686529
훌리스,분당구 정자일로 100 미켈란쉐르빌 상가동 109호, 127.1069862, 37.3588545
"오피큐알 (OH,PQR",팔달구 화서문로45번길 31, 127.0123331, 37.2866513
PIZZERIA DA MOON,기흥구 죽전로15번길 11-8, 127.1096725, 37.3216667
버거비치,단원구 대부황금로 1501 1~2층, 126.5753937, 37.2879745
피자플리즈,단원구 사근여길 6-12, 126.5714848, 37.2847124
찰리스버거 구성,기흥구 용인향교로20번길 7, 127.1201355, 37.2964874
핫터,"시민로122번길 26 1층,2층", 127.0484114, 37.7372266
레드파이프,지목로 17-7, 126.6928041, 37.7258414
틴틴스버거,와석순환로252번길 7-35 1층, 126.738994, 37.720119
다운타우너 청담,도산대로53길 14 1층, 127.0384823, 37.5240197
더블트러블 유니온,압구정로4길 27-2 1층, 127.0208825, 37.5216286
모터시티바이매니멀강남점,강남대로98길 12-3 2층, 127.0278863, 37.5005235
올데이피자 서비스,도산대로23길 17, 127.0259309, 37.5201043
크라이치즈버거 삼성역점,테헤란로 616 미래에셋벤처타워 B1층, 127.0653743, 37.50904009999999
파이어벨 대치본점,선릉로72길 13, 127.0522425, 37.500313
Ginos NY Pizza 압구정점,선릉로155길 15 1층, 127.03835 3,7.52541900000001
피맥하우스,남부순환로 1864 1층, 126.9567467, 37.4794035
버터버거,천면로 13, 127.1072469, 37.5467675
바이슨버거,상도로 47 1층, 126.9258221, 37.49990260000001
그릴링(Grilling,동교로38길 11, 126.9248685, 37.5620223
슬라이스룸,와우산로3길 16, 126.9218439, 37.5460254
도프피자 베이커스,동산로2길 41 1층, 127.0430871, 37.4682845
릿잇타미,방배천로2안길 31 1층, 126.983761, 37.47839099999999
펍피맥 교대점,반포대로30길 90 우진빌딩, 127.0133534, 37.49261980000001
피제리아 호키포키,반포대로9길 28 1층, 127.0101076, 37.4830786
버거보이 성수낙낙점,아차산로17길 48 1층 R113호, 127.0658264, 37.5466652
엘더버거,서울숲2길 40-7 1층, 127.0430116, 37.5462733
위드번,성수이로12길 17-1 1층, 127.0572562, 37.5396355
피더블유에이,연무장15길 11 B125, 127.0144948, 37.54110469999999
피자시즌,성수이로14길 14 성수연방 1층, 127.0569489, 37.5414775
다운타우너 잠실,백제고분로45길 3 1층, 127.1106446, 37.508994
모터시티바이매니멀잠실점,백제고분로45길 17-3 2층, 127.1094554, 37.509501
보니스피자펍 석촌호수점,송파대로49길 52, 127.0990001, 37.5060465
아메리칸피자 잠실점,백제고분로7길 42-13 1층, 127.0839048, 37.5101656
차고버거,오금로11길 61-11 엘엠오피스텔 1층, 127.1139487, 37.5154848
퀴너스화덕피자앤캠핑,"풍성로26길 22 2층, 3층", 127.118662, 37.53184
크레이지 토마토,석촌호수로 216 1층, 127.1014161, 37.5066247
GOOD VIBE,올림픽로32길 23 2층, 127.0819495, 37.5104108
펍피맥 오목교본점,신목로2길 68 오목빌딩, 126.8773191, 37.5239137
노스트레스버거,신흥로 62, 126.9873925, 37.54378760000001
다운타우너 한남,대사관로5길 12 1층, 127.0008591, 37.5348225
더백테라스,한강대로40길 26 3층, 126.9706148, 37.5299962
도노,이태원로54길 63, 127.0012124, 37.53567690000001
바스버거 용산점,한강대로38길 35 1층, 126.9702116, 37.5287123
버거보이 신용산점,한강대로15길 29, 126.9628518, 37.5262719
HOMER PIZZA,이태원로42길 19 2층, 126.999797, 37.535758
버거드조선,사직로10길 7, 126.9704944, 37.57552369999999
너의작은버거집,사가정로50길 5 1층, 127.0865716, 37.5805012
최고치킨,길주남로125번길 11-3, 126.8484308, 37.3291078
피자사계,푸른로7번길 14 1층, 126.6312266, 37.52513489999999
귀곡산장,가평읍 분자골로 234, 127.4933333, 37.76111110000001
동기간,가평읍 보납로 459-158, 127.5490552, 37.8552463
두메막국수,가평읍 가화로 328, 127.5061641, 37.8470192
밥앤독,상면 수목원로 209, 127.3621754, 37.7599866
산골농원,설악면 어비산길99번길 75-7, 127.50975 3,7.596235
아띠춘천닭갈비,가평읍 북한강변로 1080, 127.5241776, 37.8089233
갈낙집,덕양구 마상로 5-12, 126.8242444, 37.6637186
견애가,덕양구 동헌로 100 1층, 126.8687335, 37.7061534
목우촌웰빙마을 일산애니골점,일산동구 애니골길43번길 17-1, 126.7902571, 37.67091889999999
숲속에고기집,덕양구 산황로 85-15, 126.8153507, 37.6573433
시골마루장작구이,덕양구 서오릉로 307-16, 126.902531, 37.6194159
아임파인바베큐,덕양구 중고개길 83-37, 126.9316167, 37.6571968
우주꼬맹이,덕양구 행주산성로 108, 126.819972, 37.6002653
유유샤브 일산점,일산동구 산두로 137, 126.7851218, 37.6698688
참목원정육식당,덕양구 북한산로618번길 17 다솔가든산골식당 내 1층, 126.9599799, 37.6794847
통큰장어서오릉지점,덕양구 서오릉로 372, 126.8981881, 37.624676
강씨네농장,소하동 724-1, 126.8944976, 37.4351196
설맥바베큐,남한산성면 회안대로1583번길 41, 127.2422681, 37.47255
닭향,대곶면 수남로21번길 24-13, 126.5886442, 37.6280566
개똥치는 사람들,석실로653번길 18, 127.2053447, 37.6216804
금남멧돼지,화도읍 북한강로 1332, 127.3509313, 37.6317836
길성이백숙 금남점,화도읍 북한강로 1544, 127.3647481, 37.6463718
더숯불,고산로126번길 33-6 1층, 127.1797036, 37.59151290000001
밤듸농원,와부읍 석실로율석안길 47, 127.2234204, 37.6171956
백단목본점,화도읍 북한강로 1426, 127.3568363, 37.6390373
북한강참나무바베큐,화도읍 북한강로 1132, 127.3428029, 37.6151945
아르페지오,와부읍 수레로661번길 142, 127.2636345, 37.6220609
아웃도어키친 한강본점,와부읍 경강로 868, 127.2341055, 37.5601786
육갑,조안면 재재기로 537, 127.3197939, 37.5913455
팔당초계국수본점,와부읍 다산로 43, 127.2035433, 37.55974
본대가 부천시청점,석천로178번길 17, 126.7637991, 37.503291
와일드그릴,소사로 549, 126.7972215, 37.50673279999999
정통집 부천역점,부천로29번길 45, 126.7809187, 37.4871269
낙찌하다 광교 앨리웨이,영통구 광교호수공원로 80 제판매씨동 2층 226호, 127.0613932, 37.2744981
대식가,권선구 권광로123번길 46 1층 102호(스카이타워, 127.0283213, 37.2596259
마담마담,팔달구 화서문로 27 1층, 127.01102 3,7.2849607
수라간,팔달구 화서문로 59 1층, 127.0145063, 37.2857881
팔딱산,팔달구 화서문로45번길 32 지하 1층, 127.012532, 37.2867222
파도횟집,단원구 대부황금로 1459, 126.5718931, 37.2856756
고기요기,원곡면 관산길 14-1 제 1동, 127.1493224, 37.0408107
달빛과쉬는시간,공도읍 용머리길 9-20, 127.1624659, 37.0014635
송추바베큐,장흥면 가마골로 271, 126.9759091, 37.7417013
시향,은현면 평화로1889번길 101-9, 127.0493416, 37.8579398
장흥도깨비방망이,장흥면 권율로 427, 126.9605414, 37.7472855
피트타운,평화로1475번길 616 가동, 127.0292164, 37.8196768
머무름,단월면 수미길 112, 127.641489, 37.51575700000001
소근리 막국수,서종면 소구니2길 5, 127.3618928, 37.6328336
황해식당,용문면 용문산로 640, 127.5836657, 37.5455563
김남희 한우,처인구 용인대학로 98, 127.1736836, 37.2306748
다닐목,수지구 이종무로 117-1, 127.0443578, 37.3590058
모노캠프,수지구 이종무로 145, 127.0414634, 37.3594535
몽키그릴,기흥구 지삼로 227, 127.1360724, 37.238497
바른고기,처인구 묵동로 65-12 1층, 127.2381184, 37.215184
산골항아리바베큐,수지구 이종무로170번길 12, 127.0402036, 37.3608761
한터시골농장,처인구 양지면 한터로 690, 127.2803653, 37.2612927
해다올 뜰,수지구 샘말로 18, 127.0515546, 37.35738
산앤들,옥박골동길 12, 127.004728, 37.394714
과수원집,월롱면 도감로232번길 41-15, 126.810796, 37.7887975
토향,탄현면 성동로 19-87, 126.6900219, 37.7818463
꼬독꼬독,소흘읍 죽엽산로 360-5, 127.1645913, 37.8009105
스테이,소흘읍 태봉로63번길 9 1층, 127.1361633, 37.8237047
마방집,하남대로 674, 127.2171778, 37.5321639
면면히,미사강변대로34번길 90 메인프라자 114호, 127.1827493, 37.570719
로스팩토리,송산면 당성로 385, 126.706298, 37.2012162
옛수원가든,정남면 세자로303번길 15-12, 126.9774214, 37.1935251
찌개야갈비야,"효행로 1062 106호, 107호, 108호", 127.0429403, 37.21410890000001
문어랑 상록점,"봉은사로44길 64 1층,2층", 127.0425231, 37.5053961
압구정제주집,논현로152길 36 1층, 127.0310953, 37.521484
도야족발 길동점,양재대로 1520, 127.1417079, 37.5411815
램니쿠야 둔촌점,양재대로87길 23, 127.1337311, 37.5255522
진이네 떡볶이,동남로71길 23 상가 1층, 127.1548042, 37.5509685
단군산장,4.19로28길 19-9, 127.0017706, 37.64291480000001
미아회관,도봉로10가길 15 1층, 127.0313423, 37.6129739
초가집,삼양로173길 116-28, 127.0061509, 37.6623886
고기원칙 강서구청점,까치산로27길 23 1층, 126.8512659, 37.5519367
동아풍천민물장어,양천로 731, 126.8779771, 37.5492581
소앤돼지,마곡중앙5로 6 보타닉프르지오 지하 1층 126호, 126.826708, 37.5672954
어닝바 마곡본점,마곡중앙로 59-17 류마타워2차 115호, 126.8250132, 37.5587513
오남매닭갈비,화곡로 206, 126.8436009, 37.5437184
육회먹은연어,마곡중앙6로 45, 126.8324151, 37.5605679
남도반주,관악로14가길 6 지하1층, 126.9559151, 37.4782257
즉석떡볶이달쫀 봉천점,양녕로 62 현대팰리스 1층 102호, 126.9468607, 37.4875189
하와이조개 신림본점,신림로59길 15-6 1층, 126.9289469, 37.4827959
품격사시미,디지털로32나길 23, 126.9004823, 37.48424010000001
양지식당,시흥대로50길 10 1층, 126.9026263, 37.4512088
도마뱀식당,희우정로20길 75, 126.9043676, 37.556251
로스트 피그,동교로9길 57 1층, 126.9103388, 37.5527133
샐러마리,망원로 55-3, 126.9028722, 37.557121
와이키키마켓,마포나루길 332, 126.8887697, 37.5589651
영동교집 강남직영점,강남대로 499 동일빌딩 2층, 127.0230315, 37.5064791
큰돈가 신사점,나루터로 79, 127.0185463, 37.5159171
포석정,신반포로 194, 127.0064129, 37.5051817
돌쇠참나무장작구이,동소문로20길 31, 127.0169644, 37.5911193
오토김밥 성북점,북악산로 855, 127.0193048, 37.5988833
소양식탁,위례성대로12길 10 1층, 127.1223194, 37.5128847
해피스프라이데이,송파대로 167 문정역테라타워A동 지하1층 G116호, 127.1207542, 37.4844783
시민막국수 숯불닭갈비,목동동로10길 21-1 골목 안쪽 1층매장, 126.8717779, 37.5195172
내일식당,양평로22길 25, 126.8953277, 37.540014
아리수만찬,노들로 111 양화선착장, 126.8939255, 37.545328
로코스 비비큐 경리단길본점,회나무로 83, 126.9954877, 37.5409436
부부식당,동숭길 43 2층, 127.004275, 37.5801871
창신동매운족발 본점,종로51길 23, 127.0115524, 37.5730259
금돼지식당,다산로 149, 127.0116533, 37.5570519
최강달인춘천닭갈비,필동로 15, 126.9962513, 37.5602044
동부면옥,동일로109길 81, 127.0757467, 37.5908591
숯불닭갈비에반하닭,면목로 352 1층, 127.0886458, 37.5831897
농가의 식탁,선원면 해안동로 1037-8 2층, 126.5143031, 37.7088735
동문식당,길상면 전등사로77번길 45, 126.4881472, 37.6331196
아임파인 바베큐장,화도면 해안남로 2709-8, 126.3782988, 37.6363247
전등사남문식당,길상면 전등사로 37-11, 126.4903298, 37.6317589
덕수공원 반려견 놀이터,덕양구 고양대로 1804-22 삼송배드민턴장, 126.8783008, 37.6411726
일산 호수공원 반려견 놀이터,일산동구 노루목로 10 호수공원, 126.7676568, 37.6497526
구리반려견놀이터,토평동 697, 127.1403405, 37.5827014
하성근린공원반려견놀이터,하성면 하성로 603-13 태산패밀리파크, 126.6297854, 37.7247178
백만송이장미원,성곡로63번길 99 도당공원, 126.7923319, 37.5163496
광교호수공원 반려견놀이터,영통구 하동 1008-9, 127.0787006, 37.28544400000001
올림픽공원 반려견 놀이터,권선구 효원로256번길 16, 127.0280173, 37.2621359
호매실동 반려견 놀이터,권선구 금곡로 188, 126.9507226, 37.2729997
안산 성곡 반려견 놀이터,단원구 성곡동 696, 126.7366496, 37.3231915
삼막애견공원,만안구 석수동 18, 126.915136, 37.4290134
양주시 반려견놀이터,회천로 203, 127.0791653, 37.8253146
구갈레스피아 반려견놀이터,기흥구 중부대로 640, 127.1321287, 37.2666647
기흥 호수공원 반려견 놀이터,기흥구 하갈로 79-1, 127.0955587, 37.2537662
용인 수지 반려동물 놀이터,수지구 상현동 1135-3, 127.076179, 37.2949182
안정근린공원 반려견 놀이터,팽성읍 안정순환로267번길 42, 127.0525287, 36.96114579999999
평택시 농원생태원 모루마루 반려견 놀이터,오성면 청오로 33-58, 126.9799833, 37.0131244
어린이대공원 반려견 놀이터,능동로 216, 127.0844213, 37.54542060000001
보라매공원 반려견 놀이터,여의대방로20길 33 보라매공원, 126.9192028, 37.49061929999999
월드컵공원 반려견 놀이터,증산로 32, 126.8932203, 37.56628649999999
계양 꽃마루 반려견 놀이터,봉오대로 855 계양경기장, 126.7500906, 37.5347897
인천대공원 반려견 놀이터,장수동 297, 126.7517134, 37.4559075
송도 도그파크,센트럴로 350 달빛축제공원, 126.6299832, 37.4066198
현대프리미엄아울렛 스페이스원,다산순환로 50, 127.1524686, 37.6160281
스타필드시티 부천,옥길로 1, 126.8138646, 37.46151580000001
롯데프리미엄아울렛 기흥점,기흥구 신고매로 124, 127.1206482, 37.2257551
포천아트밸리,신북면 아트밸리로 234, 127.2371423, 37.9231399
스타필드 하남,미사대로 750, 127.2237176, 37.5454148
메가박스 영통점,영통구 봉영로 1579 그랜드백화점, 127.0716535, 37.2527036
장흥자동차극장,장흥면 권율로 112, 126.9498918, 37.7236675
한국민속촌자동차극장,기흥구 민속촌로 93-1, 127.1144869, 37.2575712
CGV DRIVE IN 스퀘어원,동춘동 926-15, 126.682333, 37.4040726
청평페리,청평면 호반로 886, 127.4819743, 37.7105127
고양생태공원,일산서구 대화로 315, 126.7440149, 37.6839453
장자호수공원생태체험관,교문동, 127.1388594, 37.5826799
묘적사계곡,와부읍 월문리, 127.2639162, 37.6200367
율동공원,분당구 문정로 72, 127.1514852, 37.3774802
방화수류정,팔달구 수원천로392번길 44-6, 127.0181107, 37.2875232
화성행궁,팔달구 정조로 825, 127.0137341, 37.2819578
시흥갯골생태공원,동서로 287, 126.7804155, 37.38930819999999
대부바다향기테마파크,단원구 대부황금로 1480-7, 126.5781241, 37.2832421
탄도항,단원구 선감동 717-5, 126.6449956, 37.19240449999999
석남사,금광면 상촌새말길 3-120, 127.3069102, 36.9397814
북한산국립공원 송추계곡,장흥면 울대리, 126.9849275, 37.7120735
헤세의 정원,장흥면 호국로550번길 111, 126.9803322, 37.7161438
두물머리,양서면 양수리, 127.3178912, 37.5347371
양평쉬자파크,양평읍 쉬자파크길 193, 127.533327, 37.51141550000001
용문산,용문면 용문산로 782 용문사, 127.5688622, 37.5511695
용문산 용문사,용문면 용문산로 782 용문사, 127.570823, 37.5501859
중원계곡,용문면 중원리, 127.6160466, 37.5537146
당남리섬,대신면 천서리 700-2, 127.5422202, 37.3976918
파사성지,대신면 천서리, 127.5489082, 37.410405
쌍둥이딸기농장,처인구 원삼면 맹리 511-2, 127.3291246, 37.1895949
감악산,적성면, 126.9689597, 37.9417387
마장호수 출렁다리,광탄면 기산로 313, 126.9281924, 37.7757373
힐링그라운드,탑삭골1길 31-29, 126.7917498, 37.7323646
소풍정원,고덕면 궁리 502-6, 127.02057 3,7.0118046
통복천,통복동 19-2, 127.0830656, 36.9992761
산정호수둘레길,영북면 산정호수로411번길 47, 127.3209657, 38.068752
포천 허브아일랜드,신북면 청신로947번길 51, 127.131773, 37.9654806
공룡알화석산지,송산면 공룡로 659, 126.7480005, 37.2609292
궁평항,서신면 궁평항로 1049-24, 126.6809772, 37.1162794
매향리 평화생태공원,우정읍 고온리안길 24-11, 126.7508202, 37.0447219
우음도,송산면 고정리, 126.7472271, 37.27855890000001
북서울꿈의숲,월계로 173, 127.0406246, 37.6214313
관악산계곡길,신림동 808-126, 126.9484156, 37.4651505
아차산 생태공원,워커힐로 127, 127.1007676, 37.5518658
경춘선숲길,공릉동 272-2, 127.0807622, 37.6203694
망원한강공원,마포나루길 467, 126.8945702, 37.5557262
하늘공원,하늘공원로 95, 126.8856819, 37.5677554
안산 자락길,봉원동 산1, 126.941769, 37.579311
몽마르뜨공원,서초동 산177-3, 127.0035246, 37.49509949999999
서울숲공원,성수동1가 643, 127.0374424, 37.5443878
석촌호수공원,송파나루길 206, 127.1051525, 37.5113096
올림픽공원,올림픽로 424, 127.1214941, 37.5206868
올림픽공원 들꽃마루,올림픽로 424, 127.125488, 37.5133864
윤중로벚꽃길,여의도동, 126.9211278, 37.532098
노들섬,양녕로 445, 126.9596671, 37.5177627
낙산공원,낙산길 41, 127.0074835, 37.5806571
중랑장미공원,묵동 375, 127.0729646, 37.6147277
서운체육공원,서운동 207, 126.7451644, 37.5323083
동막해변,화도면 해안남로 1481, 126.4582141, 37.5927168
전등사,길상면 전등사로 37-41, 126.4874764, 37.63213229999999
굴업도,덕적면 굴업리, 125.9798551, 37.1915355
드림파크 야생화공원,경인항대로 180, 126.6597201, 37.57624529999999
연희자연마당,연희동 414-2, 126.6571171, 37.5426503
인천공항 하늘정원,운서동 2848-6, 126.4748494, 37.4442194
원더풀도그베이,죽산면 죽양대로 136-16, 127.4367484, 37.0914172
골드펫n도그베이 실내수영장,기흥구 기흥단지로 406 1층, 127.1369132, 37.2188123
골드펫n도그베이 야외수영장,기흥구 기흥단지로 397, 127.1353452, 37.2195716
포춘테일,동교로 15-14, 127.1314814, 37.84272660000001
더스테이힐링파크,설악면 한서로268번길 157, 127.5223905, 37.6608446
피피팜,덕양구 주교동 517-4, 126.8247161, 37.6648415
렛츠플레이독 웅진플레이도시점,조마루로 2, 126.7448116, 37.4993929
오산반려동물테마파크,오산천로 72, 127.0639685, 37.1395608
도그파크랜드,처인구 모현읍 오산로 208-34, 127.249112, 37.32653249999999
놀로스퀘어,삼성로133길 7, 127.0491258, 37.5193735
다남숲멍빌리지,역골로 43번길 7-4, 126.7237149, 37.5640313
축복애견,동구릉로 388 (사노동 교영빌딩 2층, 127.1423203, 37.6320499
개랑놀려고차린집,양촌읍 석모로5번길 54, 126.6500714, 37.6494194
견복궁,김포한강11로331번길 137-12, 126.6804223, 37.66063129999999
자랑하개,대곶면 대명항로 574, 126.5574091, 37.6467113
카페니블,다산순환로 397-84 1층, 127.1599289, 37.62065
디디디 애견놀이방,수정구 위례광장로 104 한화오벨리스크 2층, 127.1414102, 37.4733158
개st 하우스,신천3길 23-1 2층, 126.7835663, 37.4387388
쁘띠숑 애견놀이터,오이도로 247 3층, 126.6891238, 37.3407278
퍼피과수원,만송로330번길 129, 127.0976474, 37.7888379
노리개운동장,처인구 원삼면 원양로291번길 103-6, 127.2941955, 37.1851784
카페댕댕,호국로1298번길 43 2층, 127.0484666, 37.7415363
럭키멍 애견운동장 & BBQ,마장면 이장로 137, 127.379581, 37.2654902
개좋아,조리읍 대원로 270, 126.8071145, 37.7359435
스타독스,탄현면 국화향길 10-40, 126.7157513, 37.780582
퍼피 개리비안베이,파주읍 봉서산로65번길 71, 126.8021213, 37.8417998
포시즌애견테마파크,서탄면 마두리 43-17, 127.0232271, 37.11216530000001
광남이네,남양읍 장전길41번길 35, 126.8215708, 37.2664418
개러리아 삼성본점,선릉로122길 4, 127.0429213, 37.5144315
강아지정류장,양천로 709 2층, 126.8748115, 37.54989199999999
라운지독,강서로62길 98 5층, 126.8449988, 37.56166260000001
필독,공항대로46길 81 5층, 126.8512902, 37.5524145
도그베이 서울점,광나루로 441, 127.080057, 37.5458006
헬로우마루네 애견운동장,서해안로 2295 4층 2호, 126.8401801, 37.49168809999999
개러리아 송파점,동남로 326, 127.1389638, 37.5043082
도그존,올림픽로12길 28 번지  2층, 127.0831774, 37.5090697
인천개공원,무네미로 201-15, 126.7469079, 37.4556559
펫피,덕골로 158-14, 126.7270077, 37.4292636
황자반 놀이터,석산로 3 의성프라자 2층, 126.6943979, 37.4643638
멍라이프,부흥로 264 동아웰빙타운 11층, 126.7210439, 37.4982919
27퍼피짐,승학로 551, 126.6807644, 37.5664685
오무오무 베이커리,일산동구 일산로380번길 35-1 1층, 126.7826864, 37.6701158
홍종흔베이커리 군포점,번영로 252, 126.9251984, 37.3380268
호작도,팔달구 화서문로75번길 7 1층, 127.016434, 37.286279
모어그린 베이커리카페,장흥면 권율로 246, 126.9515199, 37.7351454
연천회관,연천읍 평화로1219번길 42, 127.0742523, 38.0776716
어가길베이커리카페,군내면 어가길 72 A동 1층, 127.1958993, 37.8797222
뉴욕라츠오베이글스,압구정로48길 28, 127.0368238, 37.526686
롤린우드,도산대로62길 26 1층, 127.0427118, 37.5217976
새들러하우스,도산대로17길 10 B1, 127.024908, 37.5193417
빨간리본샌드위치,사당로20나길 40 청원빌딩 1층, 126.9734766, 37.4817197
레스피레 베이커리,"월드컵로13길 55-24 지1, 1층", 126.9065104, 37.5542931
베리빈 베이커리,망원로3길 7, 126.9014407, 37.5570314
플랫랜드,동교로17길 37 1~2층, 126.9150171, 37.5564905
큐뮬러스 강남,강남대로 299 1층, 127.0309372, 37.4897
흐르르,잠원로 201-12, 127.0137355, 37.5204807
구욱희씨 베이커리,"서울숲4길 12-22 1,2층", 127.041926, 37.5470557
써니브레드,서울숲2길 24-8, 127.0410161, 37.54679700000001
버터북,신흥로15길 20, 126.9856968, 37.5440812
오하요도넛,원효로83길 20, 126.9675918, 37.5404084
빠우,을지로 157 대림상가 3층 라열 361호, 126.9955916, 37.5672051
심세정,퇴계로 409-11, 127.0170503, 37.5660204
다이닝소이,일산동구 율천로7번길 8-10 1층, 126.7844022, 37.6668175
브럭시 스타필드고양점,덕양구 고양대로 1955 지하1층 B140호, 126.8951816, 37.64651509999999
이태리한옥 카페,덕양구 호국로1283번길 27, 126.8781945, 37.6785612
터시,일산동구 산두로 113 1층, 126.785769, 37.6677807
프로비,일산동구 산두로201번길 20 1층, 126.7811371, 37.6740516
피치스프링스,일산동구 일산로380번길 5-10 1층, 126.7818967, 37.6695373
노이,두물로27번길 6 1층, 127.1276398, 37.6562099
플랜트202,화도읍 재재기로 50-11 1층 건물, 127.3014879, 37.6289286
델리카운터213,정자일로213번길 10 101동 108호, 127.1055727, 37.3694278
러셀브런치,분당구 서현로237번길 24-7 1층, 127.1289612, 37.3854217
아트디파트먼트,수정구 설개로 8 1층, 127.105728, 37.4215243
엘틈코너마켓,분당구 불곡남로 9 1층, 127.1231033, 37.35859840000001
올덴그레이,분당구 동판교로52번길 17-5 1층, 127.1150707, 37.386462
헬로미켈란,수정구 위례순환로 130 아트리버푸르지오 2단지 상가동 202호, 127.1427853, 37.4707877
호텔 더일마,수정구 사송로77번길 35 1층, 127.1132628, 37.4119514
37.5 광교점,영통구 센트럴파크로 6 149호, 127.064577, 37.2854012
슬로우써니사이드,"팔달구 신풍로45번길 13 1, 2F", 127.0135407, 37.2846835
Mahlzeit,영통구 덕영대로 1478 포레스퀘어 1층, 127.052193, 37.2451585
뚜어드가빈,수지구 샘말로 11 3F, 127.0523636, 37.3571977
아임유어마켓,처인구 양지면 남평로199번길 20 1층, 127.3052652, 37.2301957
호텔북리,처인구 남사읍 당하로 6-10, 127.1436756, 37.1456115
컴피테이블,가람로21번길 26-8 1층, 126.7526972, 37.735081
디센트,비전9길 2-22 1층, 127.1107447, 37.0020859
꽁티드툴레아 도산점,도산대로49길 39, 127.0368785, 37.5255247
에드엣,압구정로10길 30-9 지하1층, 127.0215361, 37.52204329999999
카페드로우지,"언주로170길 37 4층, 5층 루프탑", 127.0367175, 37.5266055
포레스트 청담,"선릉로 803 1, 2, 3층", 127.0389528, 37.52389449999999
핀치 브런치바,압구정로4길 19, 127.0205702, 37.52146200000001
mmn,도산대로66길 39, 127.0439402, 37.52092280000001
스윗솔트 카페,상암로 286, 127.1541116, 37.5454483
오늘맑음,4.19로17길 14-1 1층, 127.0056408, 37.6442935
더숲,공항대로 194 퀸즈파크12 1층, 126.8291581, 37.55912540000001
플레이스콤마,오정로 375, 126.7965959, 37.5376975
사담,남부순환로 1852 5층, 126.9555667, 37.4798571
카페드노보,아차산로78길 157 1층, 127.1091518, 37.548074
메모아,동일로174길 37-16 1층, 127.077428, 37.6198532
201호,마포구 잔다리로3안길, 127.0471198, 37.5463021
온순간,"성미산로16길 3-3 1층, 2층", 126.9181089, 37.5610865
EEEK,동교로 248 3층, 126.9244955, 37.5619063
staywell cafe,백범로 152 101동 1층 12호, 126.9475472, 37.5451763
연남장,연희로5길 22 1층, 126.9275718, 37.5642886
모먼트모던이터리,서초대로27길 39 1층 102호, 126.993889, 37.4897002
비지트,동광로18길 82, 126.9913879, 37.488339
수프링,방배천로4안길 26 1층, 126.9833252, 37.479279
플랫 오,양재천로 103-1 1층, 127.040122, 37.47649970000001
메이플탑,성수이로14길 14 성수연방 A동 2층, 127.0569489, 37.5414775
앤드밀,연무장3길 5-1 3층, 127.0513722, 37.54421419999999
뉴질랜드 스토리,석촌호수로 268 경남레이크파크 113호, 127.105707, 37.5096884
사생활,백제고분로25길 33 2층, 127.0925121, 37.5066567
위커파크 웨스트,석촌호수로 230 상가 101호, 127.1022797, 37.5073341
크럼버스,중대로 318 1층, 127.1338534, 37.50851919999999
바톤루즈,신목로6길 6-5 1층, 126.8741277, 37.5191269
스프링클 베이글,목동동로 206-5, 126.8722261, 37.5236113
쓰리버즈 IFC점,국제금융로 10 1층, 126.9257306, 37.5247991
보마켓 경리단점,녹사평대로 286, 126.9893539, 37.542424
카사블랑카 샌드위치,신흥로 35, 126.9870995, 37.5416063
hmm market,신흥로5길 8, 126.9866128, 37.54186619999999
LTP 한남,이태원로45길 7 2층, 126.9989681, 37.5359751
핑크래빗가든,"계동길 62 1, 2층", 126.9868601, 37.58010110000001
헤이줄리,동순라길 108, 126.9959451, 37.5754257
Repo 휴양,성말로53번길 9-5 1층, 126.706237, 37.4453745
2번창고,불은면 강화동로 680, 126.4790255, 37.69598169999999
두웅둥 아이스크림,일산동구 일산로380번길 25-11 가운데 상가, 126.7815956, 37.669582
펠앤콜,와우산로 39-21, 126.9221548, 37.5481291
나무아래오후N 2호점,상면 수목원로 204, 127.3613863, 37.76053679999999
니드썸레스트,가평읍 경춘로 1859, 127.4879284, 37.8034192
더플래츠카페,상면 수목원로 183, 127.3635686, 37.7618758
카페드까사,청평면 남이터길 54-19 1동, 127.3718327, 37.6895438
카페아우라,설악면 유명로 2312, 127.4496907, 37.707758
미츠,덕양구 안진6길 15 1층, 126.9171704, 37.6471051
브레이브펍스,일산서구 웅비로 4-19 1층, 126.7573083, 37.68289860000001
빠르끄,일산동구 고양대로 916 2층3층, 126.7969664, 37.6776262
아이라이크마운틴,덕양구 고양대로2002번길 29, 126.9989265, 37.532995
앤드테라스 피터팻츠 내유점,덕양구 내유길80번길 7, 126.8572282, 37.72087719999999
오릴리 본점,일산동구 산두로 215 1층, 126.7802675, 37.67531040000001
우나나베이크하우스,일산서구 호수로838번길 34-17 1층, 126.75142 3,7.6709197
픽커스 일산본점,일산동구 일산로380번길 35-1 1층, 126.7826864, 37.6701158
하디르,일산동구 무궁화로187번길 8-16 1층, 126.782409, 37.67166479999999
하비비쿠키,일산동구 일산로286번길 41 1층, 126.7882922, 37.6621988
하울픽스,일산동구 고봉로658번길 103, 126.7929662, 37.7122754
헤이블,일산동구 일산로286번길 7-10 1층, 126.7863887, 37.66188459999999
마이알레,삼부골3로 17, 127.0238047, 37.4465435
그랜드 뮤즈,"오포읍 새말길152번길 17 제 1, 2동", 127.1637721, 37.3719018
그린그라스풍경,오포읍 수레실길 155, 127.151736, 37.34447280000001
니어앤디어,오포읍 신현로 21, 127.1283576, 37.657816
몽쥬이에,남한산성면 남한산성로 227-31, 127.2257095, 37.4552476
카페신기루,아차산로432번길 26, 127.1328349, 37.5934494
그린케이브,하성면 애기봉로 809-5, 126.6275039, 37.720371
닐라이,월곶면 김포대로 2857-15, 126.5366028, 37.7163522
카페소종,풍무로238번길 69 1층, 126.7274985, 37.6141526
개개인,호평로69번길 19-2, 127.2478657, 37.6572718
마이포터리,수동면 비룡로782번길 71-40, 127.3299519, 37.7055746
오에오,덕송2로10번길 27-20, 127.1161095, 37.6676508
우디가,다산중앙로82번안길 132-20, 127.1655347, 37.6118924
카페 알베로벨로,화도읍 소래비로 86-12, 127.3201103, 37.65784379999999
카페947,두물로27번길 38-16 1층, 127.1266028, 37.6590084
카페소고,경춘로691번길 41, 127.1841147, 37.6247343
문드롭커피,신흥로 150-1 803동 1층, 126.7789321, 37.497397
배추다방,부흥로 339 101동 1-101호, 126.7802034, 37.4942984
백금당 부천점,조마루로97번길 30 1층, 126.7548553, 37.50150299999999
베어라오,석천로184번길 26, 126.7642538, 37.5034687
봉떼르,삼작로496번길 8 1층, 126.8164087, 37.5182364
앤센스 커피 로스터스,부천로130번길 13 1층, 126.786698, 37.4955741
앤센스 커피바,부천로167번길 17 1층(춘의동, 126.7851806, 37.4992599
올대디,신흥로 178 상가3동 114호, 126.7775735, 37.4998509
피스크로스팅랩,부천로103번길 9 1층, 126.7842411, 37.49345390000001
유로,부평문화로79번길 8 2층, 126.7251494, 37.4945438
티카페620,부평문화로71번길 28 1층, 126.7242639, 37.4953479
달트빌라,분당구 불곡남로21번길 1 1층, 127.1237113, 37.3577317
마이페이보릿네이버,분당구 판교대장로4길 22 1층, 127.0687995, 37.3645282
밈커피바,위례순환로4길 18 1층, 127.149307, 37.4690136
반가쿠,수정구 위례순환로4길 14 1층, 127.1489784, 37.4690219
벤더커피,분당구 내정로11번길 14 1층, 127.1130169, 37.3612138
세가지,중원구 둔촌대로64번길 4-4, 127.1255945, 37.4292971
스몰에스프레소바,분당구 야탑로 103 노블리치 오피스텔 b동 2층 203호, 127.1276746, 37.418318
피어몬트,중원구 둔촌대로64번길 4-7 1층, 127.1258957, 37.4289635
필아웃커피,분당구 벌말로39번길 9, 127.1372837, 37.4114326
AMP COFFEE,분당구 불정로65번길 6 1층, 127.1118833, 37.3605628
공간상점,팔달구 화서문로41번길 26, 127.0119045, 37.2863161
김성민커피 본관,영통구 권선로882번길 80, 127.0412245, 37.24705639999999
까루테,권선구 칠보로88번길 116-7 1층, 126.943483, 37.26402279999999
댕들 신동카페거리점,영통구 권선로882번길 108-12 1F, 127.0410327, 37.246148
레이지하우스,영통구 청명로59번길 7-3, 127.0802397, 37.2522507
루소홈,팔달구 수원천로 367 1층, 127.0172937, 37.2862526
모소,팔달구 권광로364번길 9 에드빌1층, 127.0381981, 37.2792033
미도리컬러,"팔달구 신풍로 47 3층, 4층", 127.0139733, 37.2853242
밀실,장안구 팔달로247번길 12-4, 127.0122363, 37.2887113
버터북 행궁점,팔달구 화서문로16번길 83, 127.009743, 37.2837885
오니리크,권선구 고색로 75, 126.9850478, 37.2513387
우드바인,권선구 매송고색로 723 103호, 126.983499, 37.25175429999999
타이포커피,영통구 센트럴타운로 107 상가 1층 49호, 127.0466381, 37.25948969999999
터닌트,영통구 대학1로8번길 81 1층, 127.0456784, 37.2982452
팔레센트,팔달구 정조로 904-1 2층, 127.0148457, 37.2887348
피크닉 타이거,영통구 센트럴타운로 107 광교월드스퀘어 1층 89호, 127.047718, 37.2922701
행궁동카페모종,팔달구 화서문로45번길 5-5 1층, 127.0125158, 37.28547349999999
YMMD,영통구 센트럴파크로127번길 144 지하1층, 127.0552278, 37.29395660000001
청화공간,시흥시 호현로 155-25, 126.7866523, 37.4519014
호랑당,서울대학로278번길 19-13 상가 A동 120호, 126.7273716, 37.3709872
뉴탭,단원구 광덕3로 135-14 1층, 126.828201, 37.31380559999999
스테리나잇,원곡면 지문북길 104, 127.1518794, 37.0672686
빈스홈밀,옥정동로5나길 155, 127.0953466, 37.8153427
카페 휘바,장흥면 호국로550번길 111, 126.9806592, 37.716415
카페빔프,마전로 168, 127.0530381, 37.77328929999999
느린정원,서종면 북한강로 952-5, 127.3533352, 37.6221932
문릿,용문면 덕촌길 101, 127.5966598, 37.5037023
소풍,양서면 골용진길 21, 127.3282824, 37.5572459
수수카페,양서면 북한강로89번길 16, 127.3220889, 37.5516591
카페무르,강하면 강남로 379 1층, 127.4267704, 37.5040868
펠리시아,옥천면 신복길 131, 127.4666847, 37.5331116
다니워리,강변북로 2 상가, 127.6493623, 37.3012269
구구가가,송도과학로 56 테크노파크 BT센터 106호 (연세대학교 건너편), 126.6640972, 37.3812831
컵피,송도과학로28번길 8 1층 143호, 126.6604399, 37.3822959
포크,송도과학로16번길 13-18 테크노큐브 109호, 126.660738, 37.3811027
cafe pdup,수목원로468번길 12 W파크타워 208호, 127.0511251, 37.1755156
고매커피,기흥구 원고매로2번길 85-2, 127.1106394, 37.2194003
앤드모안,처인구 원삼면 두창리 1780, 127.3395666, 37.1426332
여백주택,기흥구 지삼로 51-5, 127.1287223, 37.252156
인더밸리,처인구 양지면 한터로 477, 127.2574231, 37.2636489
카페 코울러,수지구 샘말로 2, 127.0530874, 37.3576099
명장시대 백운호수점,백운로 415, 127.0017278, 37.37582049999999
설희책방,평화로168번길 10 건영아파트 상가동 2층 203호, 127.0501834, 37.70590230000001
옥상달빛,평화로190번길 5 4층, 127.0484562, 37.7089203
테이텀,범골로146번길 22 1층, 127.0411983, 37.7348468
플라워카페 테리,"장곡로 200 1층, 2층", 127.0536565, 37.7220936
오로라커피하우스,백사면 원적로775번길 16 1층, 127.4629535, 37.340664
이코복스커피 이천시몬스테라스점,모가면 사실로 988, 127.4462547, 37.19765699999999
롤키,광탄면 보광로 535, 126.9082106, 37.7548042
스틸모먼트,탄현면 헤이리마을길 21-6, 126.6965502, 37.78805020000001
슬로피타운,탄현면 새오리로 356 1F, 126.6921462, 37.8131107
시스터후드,가람로21번길 16-17, 126.7532769, 37.734968
아이라잌쿠키,하우고개길 103 2동 101호, 126.7648398, 37.7100129
카페 올로크,가재울로 100-17, 126.7479727, 37.73024789999999
카페카메오,가람로21번길 42 1층, 126.7525399, 37.7360653
피스피스 출판단지점,회동길 445-2, 126.6935384, 37.7202766
그문,비전9길 34 1층, 127.0968889 36.99851
오퍼커피,비전9길 35 1층, 127.1108532, 37.00321
해인 카페,장안웃길 22-26 최금미술관, 127.0769407, 37.0621921
가비가배,영북면 산정호수로 849-130, 127.3204463 38.0746952
그린그린그린,신북면 삼성당1길 42-1, 127.1947853, 37.953875
그린카펫 티가든,일동면 화동로857번길 5-40 1층, 127.3071693, 37.9407809
달의정원,천호대로1358번길 144-39, 127.1563539, 37.5333024
앤드테라스 스타필드 하남점,미사대로 750 1F, 127.222253, 37.545187
카페수우 본점,신장동로29번안길 25, 127.2119216, 37.5442943
TRACK3,하남대로776번길 49, 127.2131005, 37.5404498
베흐,동탄공원로3길 9 101호, 127.0604936, 37.2070866
구테로이테,선릉로131길 16 1층, 127.0396637, 37.51759849999999
덴시티 커피,도산대로78길 13 1층, 127.0470071, 37.5229865
도산맘마미아,압구정로42길 45, 127.034644, 37.5258876
도어401,선릉로161길 18 4층, 127.0389944, 37.5274431
디어달리아,도산대로45길 14, 127.0356073, 37.5231892
레옹앤마틸다,논현로157길 41 102호, 127.0247787, 37.5214767
무니 압구정본점,압구정로56길 16, 127.0397182, 37.5267588
미엘,도산대로67길 13-12 퍼즐하우스, 127.043631, 37.5251522
슈퍼막셰 커피앤델리 신사역,도산대로 117 1층, 127.0212733, 37.51713609999999
올드타운한양,선릉로 545 1층, 127.0458822, 37.50744710000001
카페 정월,강남대로102길 46 1층, 127.0286107, 37.5036192
커피프릭스 by 몬스터즈 스포츠 클럽,논현로94길 25-8 지하 1층, 127.0382156, 37.5034095
타만타 커피바,강남대로162길 27 지하1층, 127.0206343, 37.5203687
타우너스 에스프레소 바 역삼점,테헤란로28길 41 1층, 127.0398289, 37.49842720000001
페인팅룸,언주로170길 24 은미르빌딩 B1, 127.0356184, 37.5266142
포스터리 베이커,압구정로42길 25-5, 127.0355566, 37.5272331
달꽃다방 천호점,천호대로 1077 상가동 102동 104호, 127.14567, 37.538274
미드데이썬 케이크 카페,양재대로91나길 55, 127.1315769, 37.5262286
오커커피,천호대로170길 69 1F, 127.1321746, 37.532277
카페리오,올림픽로60길 14 1층, 127.1230904, 37.53506259999999
커피 코너칼럼,양재대로89길 80 1층, 127.1313044, 37.52760140000001
커피하우1573,진황도로 59-1 1층, 127.1336569, 37.5375419
WAAAH,양재대로81길 61 올림픽파크플러스 105호, 127.130942, 37.5236341
스냅굿 수유점,도봉로85길 8, 127.0246624, 37.6378171
제이제곱,도봉로10나길 17 1층, 127.031522, 37.6137918
하루당,솔매로 122, 127.0256047, 37.6259646
헤이호미,노해로14길 7 1층, 127.0231363, 37.6396309
삐삐커피,강서로54길 93 1층, 126.8438535, 37.5587221
스윗라운드,공항대로53길 31 1층, 126.8602177, 37.5548374
오늘맑음,등촌로39길 17-5 1층, 127.0056408, 37.6442935
오프레스트 로스터리,공항대로59길 64 상가1동, 126.8639798, 37.5544601
카페 커디,공항대로 247, 126.8347146, 37.5594704
카페애크미,화곡로61길 100 청석빌딩 1층, 126.8470016, 37.558397
클럽미식생활,공항대로 220 우성에스비타워2차 4층 401호, 126.8317992, 37.5589866
데이즈 라이크 디스,시흥대로160길 19 102동 101호, 126.9016654, 37.4811275
몽캣,보라매로 14-3 1층, 126.9277765, 37.4908757
안다즈 커피,천호대로132길 10, 127.0895022, 37.5503218
자양다방,자양로15길 100, 127.0782096, 37.5347019
카페 다르다,뚝섬로 657 1층 104호, 127.0826224, 37.531579
브라운핸즈 디지털단지 구로,디지털로32다길 52, 126.8985217, 37.48084919999999
카페스토리,와부읍 팔당로81번길 74-65, 127.2413291, 37.5548288
블루마일스,동일로190길 65 2층, 127.0766229, 37.6265164
우아즈,공릉로27길 72-3 1층, 127.0779191, 37.6243028
이너모스트,동일로183길 12-14, 127.0729762, 37.6237838
컵오브커브,현충로 99 1층, 126.9648112, 37.50808749999999
고미푸딩,희우정로10길 20 1층, 126.9050638, 37.5530224
광합성 카페,월드컵로19길 8, 126.9084313, 37.5570635
딩가케이크,동교로29길 68, 126.9220546, 37.5633608
땡스오트 연남점,성미산로23길 68, 126.9198663, 37.56622299999999
레귤러 서비스,월드컵로25길 58, 126.9043716, 37.55783419999999
루아르커피바 망원,월드컵로11길 7, 126.9104596, 37.55474369999999
루즈도어,포은로 50 1층, 126.9069886, 37.5519078
리인,월드컵로11길 80 1층, 126.9067208, 37.5537075
물결 한강,마포나루길 296, 126.885848, 37.560541
미완성 식탁,망원로6길 37 1층, 126.903779, 37.55524810000001
바온하우스,성미산로17길 62, 126.9175389, 37.5641827
브래디스 커피,성미산로23안길 23 2층, 126.920947, 37.5661493
수택,양화로7길 4-13 1층, 126.915718, 37.5515046
아날로그 가든,동교로 145 1층, 126.9180104, 37.55542679999999
연남방앗간,동교로29길 34, 126.9230969, 37.561994
오랑제뜨22,동교로29길 32 1층, 126.9232346, 37.5619419
오츠커피 마포점,독막로14길 32, 126.922691, 37.547285
위위클럽,동교로51길 111-6 1층 단층주택, 126.9205953, 37.56620820000001
카페 씨멘트,희우정로20길 72 1층, 126.9042312, 37.556056
카페버킨,양화로6길 28 1층, 126.9155739, 37.5488759
카페테틈,동교로36길 15 1-2층, 126.9252134, 37.5612433
커피 리브레 연남점,성미산로 200, 126.9266909, 37.5623371
커피 벌스데이,와우산로29길 26-33 1층, 126.9287301, 37.5554916
커피가게 동경,망원로6길 21 지층, 126.9035384, 37.5559099
콜린 서교동점,어울마당로 45, 126.9203908, 37.5491864
클로드커피,백범로16안길 21 2층, 126.9432399, 37.54643120000001
테누커피,연남동 241-89, 126.9233241, 37.5656006
플루프커피,동교로46길 12 102호, 126.9253398, 37.56238519999999
피크니크 홍대점,서강로13길 24, 126.9325981, 37.5539345
해피베어데이,양화로12길 16-6 1층, 126.9181594, 37.5516415
fond coffee,동교로15길 32 1층, 126.9141246, 37.5561069
M1CT,희우정로15길 13 1층, 126.9016467, 37.5534401
seemore,월드컵로29길 45-10 1층, 126.9038169, 37.5588436
공드린,연희로 38-14, 126.9277984, 37.5615507
바늘카페 연희점,연희로11가길 15, 126.9291039, 37.5674075
스웨이 커피 스테이션,연희로11길 61, 126.9286038, 37.569064
연희대공원,연희로11가길 42, 126.9277358, 37.5668247
위검,연희로11가길 8, 126.9291648, 37.5678955
행복감,연희로11가길 51, 126.9275361, 37.5663048
올웨이즈온,방배천로2안길 45 1층, 126.983873, 37.4789751
챱챱케이크,서초중앙로 110 104호, 127.0144946, 37.4915769
라프레플루트,서울숲2길 8-8 2층, 127.0394637, 37.5472159
로우커피스탠드,왕십리로4길 28-2 1층, 127.0466474, 37.5471537
로우포레스트,서울숲길 38 1층, 127.0417023, 37.5478206
리옹베이커리,서울숲2길 14-8 1층, 127.0400681, 37.5470361
비비비커피,성덕정3길 8 1층, 127.0476224, 37.5395267
서울앵무새,서울숲9길 3 B1~2F, 127.0435332, 37.5482797
센터커피 서울숲,서울숲2길 28-11, 127.0415522, 37.5465466
어라운드데이,서울숲2길 24-1, 127.0413024, 37.5467956
오거트,서울숲6길 20 2층, 127.043733, 37.54725139999999
천상가옥,성수이로14길 14 A동 3층, 127.0571205, 37.5415624
클레멘타인,서울숲2길 5-1 1층, 127.0398103, 37.5474548
테디스오븐,서울숲2길 43 (성수동1가 1층, 127.0435028, 37.5464053
필살기,상원길 48-1, 127.0485017, 37.54824869999999
BNHR COFFEE,연무장5길 9-16 1층, 127.052721, 37.5441249
Camouflage Coffee,아차산로1길 9, 127.0456713, 37.54895749999999
서울노마드,동소문로11길 5, 127.0118296, 37.5915189
카페브릭스,정릉로26길 6-5, 127.0106024, 37.6044124
파도의 숲,삼선교로24길 40 1층, 127.0163245, 37.5883686
플랜티안암브런치카페,안암로 25, 127.0252544, 37.57997659999999
해로커피,성북로 19-3, 127.0042967, 37.5896036
가배도 송파점,백제고분로45길 6 2층 201호, 127.110825, 37.5092297
라딧프로젝트,송파대로 450 1층, 127.1062016, 37.5067392
오린지,송파대로48길 19 1층, 127.1063854, 37.5096049
올티드커피,양재대로66길 43 1층, 127.1256152, 37.4999241
진저베어,백제고분로41길 43-7 1층, 127.1053786, 37.50905879999999
커피빈 위례2차아이파크점,위례광장로 230 위례2차 아이파크 B동 1층, 127.1433927, 37.4798363
테이크어샤워,송파대로47길 1 동보빌딩 1층, 127.1043357, 37.5074533
T E R COFFEE,가락로 145 2층, 127.1117346, 37.50262819999999
레몬버베나,오목로54길 14 1층, 126.8730093, 37.523388
카페 화목토,목동로11길 5 1층, 126.8642175, 37.5232759
카페일월십일,목동중앙남로9길 41 1층, 126.8641337, 37.5378331
키노양평,양산로 66, 126.8902309, 37.5248423
더로열푸드앤드링크,신흥로20길 37, 126.9839213, 37.5471673
도토리,한강대로52길 25-6, 126.972784, 37.5318713
드로우지,"회나무로 83 1층,2층", 126.9954877, 37.5409436
르몽블랑,신흥로 99-4 1층, 126.9848307, 37.5448639
모듈러커피바,소월로2길 13 1층, 126.9767231, 37.5543449
모래,원효로90길 8, 126.969327, 37.53980179999999
모어딥,"한남대로27길 36-61 4,5층(한남동, 단결빌딩", 127.0032403, 37.5399056
바마셀,원효로1가 38-3, 126.9686055, 37.5406695
사루,회나무로28길 6-3 1층, 126.9916306, 37.53923119999999
사유,이태원로54길 5, 127.0019158, 37.53799589999999
새비지가든,회나무로35길 5 B동, 126.9932768, 37.5403445
쉼,녹사평대로40길 43 (이태원동 2층, 126.988188, 37.53454139999999
써머레인,이태원로55가길 49 1층, 126.9992497, 37.5363262
아러바우트 한남,대사관로8길 15, 127.0007425, 37.5333468
아키비스트 한남,한남대로42길 41 1층, 126.9726616, 37.5821697
오아시스 해방촌,신흥로 62 1층, 126.9873925, 37.54378760000001
오잇,신흥로 95, 126.9850359, 37.5455025
오츠커피,원효로89길 13-12, 126.9677561, 37.5403723
올모스트홈 경리단길,회나무로13길 12 1층, 126.9896276, 37.53983489999999
울프소셜클럽,한남대로 158, 127.0027003, 37.54224979999999
원인어밀리언,이태원로54길 31, 127.0018731, 37.5368755
콘하스 한남점,이태원로55나길 22, 126.9980327, 37.536797
프루프인더커피,소월로38가길 24, 126.9902432, 37.5423523
한남작업실,이태원로55나길 7, 126.998775, 37.5364896
BBHAY,한남대로40길 22, 127.0034464, 37.5428717
Cafe Latement,녹사평대로32길 43 1층, 126.9907796, 37.532786
mtl 한남,이태원로49길 24 1층, 126.9991107, 37.5370857
공음,통일로68길 14 1층, 126.9300736, 37.6125155
버드템플,응암로13길 20 2층, 126.9150214, 37.5891604
산보클럽,가좌로11가길 2 2호, 126.9075482, 37.5965268
소르테,통일로73길 5-13 1층, 126.924413, 37.615168
스페이스헬레나,진관길 4 2층, 126.9389072, 37.6420825
카페다이닝,가좌로 192 1층, 126.9200776, 37.5880125
탐나도다,통일로83길 5-14 1층, 126.9187423, 37.62059800000001
필구커피,불광천길 442-29 1층, 126.9155392, 37.5929585
flot,서오릉로 20-1, 126.9262691, 37.6030649
베란다,사직로10길 9-4, 126.9705364, 37.5753565
사직커피,"사직로 49-4 1,2층", 126.965115, 37.5738745
스태픽스,사직로9길 22 102호, 126.9679737, 37.5774665
을지빈,을지로14길 21 2층, 126.9921849, 37.5651713
제주역,상봉중앙로5다길 49 201호, 127.0865476, 37.5980667
그랜마,포은로 131 쁘띠보네르 1층, 126.9035235, 37.5584759
에이미테이블,미사강변한강로354번길 20-1 1층, 127.2007547, 37.5599144
그린홀리데이,길상면 해안남로 814, 126.480304, 37.609571
카페 슬로우레인,불은면 해안동로341번길 98-3, 126.5175656, 37.6624791
희소식,선원면 중앙로413번길 6, 126.4674827, 37.7149783
플로레도 커피 영흥점,영흥면 영흥로 301, 126.481101, 37.2553899
꽃차당,길주로585번길 7-15 1층, 126.7266728, 37.5075891
서원안길,원당대로608번안길 14, 126.667208, 37.59202729999999
캐제,담지로86번길 5-21, 126.6611867, 37.53811479999999
카페 관동,신포로31번길 47 1층, 126.6230674, 37.4727791
옐로우스탑 애견카페,설악면 미라리로 540번길 51, 127.5462984, 37.702608
댕댕당 애견카페,덕양구 무원로6번길 61 GL프라자 3층, 126.8331688, 37.6147407
더공생 애견카페,일산서구 탄중로 111 2B동 101호, 126.7573342, 37.6928963
멍바라기 애견카페,일산동구 무궁화로 32-34 2층 221호, 126.7685826, 37.6615162
안녕아가 애견카페,일산동구 호수로 336 브라운스톤 131호, 126.7877462, 37.6375731
오알카페 애견카페,일산동구 성석로 328, 126.7946737, 37.7051772
왈왈이애견카페 라페스타점,"일산동구 무궁화로 32-12 라페스타E 110호, 111호", 126.7680393, 37.6620881
왈왈이애견카페 웨스턴돔점,일산동구 정발산로 24 웨스턴돔 B-127호, 126.7719572, 37.6557011
우프우프 고양 애견카페,덕양구 화신로260번길 51 현창빌딩 5층, 126.8326203, 37.6330079
착한퍼피 애견카페,일산동구 무궁화로 32-12 라페스타E, 126.7680393, 37.6620881
테일더블루,일산서구 하이파크2로 40 금문프라자 9층, 126.7651804, 37.6966055
헤이멍 애견카페,덕양구 서정로 66-9 1층, 126.8559059, 37.6196225
아지트 애견카페,별양상가2로 35 과천위버필드상가 3동 2층 211호, 126.9918205, 37.4254217
멍스테이 광명,소하로 88 청학프라자 204, 126.8833195, 37.4469196
북앤독 애견카페,하안로288번길 12-1, 126.8822183, 37.4622121
내가 더 애견카페,이배재로 433 2층, 127.211772, 37.4333685
멍스 애견카페,갈매순환로 245-7, 127.1197944, 37.6408232
이구역의댕댕이,갈매중앙로 70 2층, 127.1171196, 37.6306687
멍때리는 강아지 애견카페,산본로323번길 20-25 우정빌딩 2층, 126.9308659, 37.3596112
응답하라멍멍이들 애견카페,고산로 268, 126.9431207, 37.3469596
더누리개 애견카페,양도로19번길 33 창복빌딩 6층, 126.7246393, 37.6067844
멍커힐 애견카페,대곶면 대명항로 727-2, 126.5487365, 37.6355138
완두콩애견카페&펍,양촌읍 양곡2로 25 1층, 126.6144686, 37.6497073
주주펫하우스 애견카페,양촌읍 흥신로239번길 52, 126.6098812, 37.6765882
카페몽몽 애견카페,김포한강9로75번길 102 지오파크 4층 405호, 126.6225682, 37.6440584
펫다방 김포,김포한강11로 288-31 에이스프라자 203호, 126.6840846, 37.65488320000001
하우스오브바두기 애견카페,양촌읍 김포한강4로 284, 126.6517639, 37.651955
바닐라브릭 애견카페,와부읍 궁촌로 167-7, 127.2438802, 37.58095909999999
케니독 애견카페,평내로29번안길 10-9 1층, 127.23379, 37.6454003
작은벗 애견카페,동두천로 111 4층, 127.0546173, 37.8913371
BAD DOG 애견카페,평화로 2357, 127.0574048, 37.898134
뽀독 애견카페,소삼로 47-1 푸르지오 아파트 상가 125호, 126.7971195, 37.4787574
우다다멍,양지로 208 지음파라자 404호, 126.8241333, 37.467344
우드앤도그 애견카페,오정로252번길 38, 126.7883012, 37.5291818
함께할개사랑할개 애견카페,중동로262번길 38 화이트몰202호, 126.7709863, 37.5025883
공감&펫 애견카페,분당구 금곡로23번길 11-3 1층, 127.1111507, 37.3445722
랩독 애견카페,분당구 미금일로90번길 16 101호, 127.1100682, 37.34735740000001
리베댕 애견카페,수정구 위례광장로 34 5a113호, 127.1410527, 37.4666468
멍브로 애견카페,수정구 수정로 179 2층, 127.1396758, 37.4434054
모찌네호캉스 애견카페,중원구 산성대로 202 성남빌딩 4층, 127.1409763, 37.43705619999999
아이보리독 애견카페,수정구 위례광장로 36 4a-103, 127.1415869, 37.4684786
올리브펫 애견카페,매화로 14 탑마을 주공8단지 근린상가 207호, 127.1342861, 37.4087408
펫아일럿 애견카페,수정구 수정로 192, 127.1412814, 37.4434839
휴독 애견카페,분당구 서현로439번길 19, 127.1458103, 37.37538219999999
개소리 애견카페,영통구 반달로7번길 16 이폴리스빌딩 5층, 127.0743758, 37.252615
까로맘 애견카페,장안구 경수대로 893 외야 2층, 127.0102416, 37.2989326
놀다가개 수원,권선구 세권로 175 2층, 127.0233896, 37.2560134
다독다독 수원 애견카페,영통구 매영로 426 1층, 127.0781561, 37.2484012
랄라펫 애견카페,장안구 경수대로 1071, 126.9950757, 37.30865989999999
바로나도 수원영통점 애견카페,영통구 청명로21번길 16 세원빌딩 5층, 127.0794381, 37.2502233
산책 수원 애견카페,권선구 오목천로 16 나동, 126.9641488, 37.2399203
아리엘언니 애견카페,권선구 곡선로49번길 12 3층, 127.0303398, 37.2392616
애견카페왈,권선구 곡선로50번길 5-3 4층, 127.0299322, 37.2385293
양코치 애견카페,영통구 인계로 239 성일프라자, 127.0447939, 37.2647232
언니네 애견카페,영통구 동수원로 542-49, 127.0523108, 37.2741657
이뻐해줄개 애견카페,팔달구 인계로68번길 6, 127.0248159, 37.2686683
초코우유 애견카페,권선구 효원로256번길 23 2층, 127.0293945, 37.2608538
카페도기 애견카페,영통구 대학1로8번길 23, 127.043182, 37.297827
개정촌 애견카페,중심상가 3길 11 그린프라자(중심상가1길 7, 126.7656482, 37.3483693
너와 함개 애견카페,은계중앙로 250 4층, 126.8039982, 37.4462282
달과별 애견카페,은계번영길 28 4층, 126.802865, 37.4368312
메종드로이,목감전원로 32 3층, 126.8431737, 37.3769475
사랑스럽개,서울대학로 278번길 61 S동 3층 303호, 126.7307493, 37.3682735
신나개놀개 애견카페,서울대학로 278번길 21 4층, 126.7280039, 37.3695597
가나펫,단원구 중앙대로 899 롯데프라자 1층, 126.8363924, 37.31725100000001
개날라리 애견카페,상록구 시낭로 37 2층, 126.8539543, 37.3346715
개더링 애견카페,단원구 광덕대로 161 206호, 126.8291003, 37.3109591
댕블리 애견카페,단원구 고잔2길 45 401호 더바디샵 K헤어 건물, 126.8360893, 37.3178788
얼렁오시개 애견카페,단원구 화랑로 103 라성종합상가 C동 307호, 126.8008523, 37.3271917
오독스 애견카페,만안구 장내로149번길 30 3층, 126.9232158, 37.3995176
위드독 애견카페,예술공원로 196 세븐일레븐2층, 126.9275782, 37.4196631
헤이브로 안양 애견카페,만안구 경수대로 1230 4층, 126.9122374, 37.418111
힐링주 애견카페,동안구 시민대로 327번길 6 6층 608호, 126.9670495, 37.3965824
강아지공간 애견카페,수지구 용구대로 2769 코디빌딩 2층, 127.1086498, 37.3328187
달달하개 애견카페,처인구 명지로16번길 9-11 YB테라스 2층 202호, 127.1871445, 37.2334192
마인드몽 애견카페,수지구 현암로 165 에이스프라자 201호, 127.1275091, 37.3317498
멍블리 애견카페,기흥구 동백5로 21-5 4층 401호, 127.1520851, 37.27683259999999
애견카페,수지구 수지로 119 데이파크 3층, 127.0791763, 37.3130927
콜론독 애견카페,처인구 명지로60번길 8-10 광장프라자 4층, 127.1878869, 37.2316431
큐티멍 애견카페,수지구 신봉2로 94-19, 126.9041587, 37.5270172
푸름 피크닉 애견카페,처인구 명지로 216 1층 ~ 4층, 127.1986795, 37.2258298
뉴욕도그랜드 애견카페,오목로225번길 105, 127.117774, 37.7480185
다양하개 애견카페,평화로 564, 127.0470182, 37.7422967
레삐 애견카페,평화로 571-1, 127.0463671, 37.7429897
비어마이독,호국로 1308 2층, 127.0494717, 37.7434254
오시개 애견카페,시민로 121번길 54, 127.0500295, 37.7406064
커피앤퍼피 애견카페,오목로225번길 24-12, 127.0987803, 37.7469559
쿤짱 애견카페,행복로 44 2층, 127.0496543, 37.74022220000001
왈왈 애견카페,영창로 206 2층, 127.4453814, 37.2807741
마리앤독 애견카페,중랑구 중랑역로 122 3층, 127.0774689, 37.6041647
멍스테이 애견카페,중랑구 신내로 58 2층, 127.0956975, 37.6043103
견고하개 애견카페,미래로602번길 31 2층, 126.752128, 37.7316175
슈슈멍 애견카페,청암로48번길 8-21 1층, 126.7364688, 37.73228
애지중지 애견카페,청암로17번길 35, 126.7360712, 37.7290806
으르렁 애견카페,미래로 369-59, 126.7449375, 37.711603
하루 애견카페,교하로 87, 126.733817, 37.7277301
개스타그램 애견카페,신장로 3 1층, 127.0544485, 37.07898290000001
상남견 애견카페,서정역로36번길 107, 127.0616331, 37.0580674
쓰담쓰담 애견카페,평택로 81-1, 127.0843564 36.99392
중독 애견카페,평택2로 12 2층, 127.0880625 36.99241749999999
쿠루 애견카페,고덕면 고덕여염5길 50 1층 102호, 127.0425077, 37.037481
너와함개냥 애견카페,군내면 포천로 1070-2, 127.2026517, 37.860277
마리스 애견카페,미사강변한강로 270-1 165호, 127.1967127, 37.5658098
배추야놀자,위례대로 190 1층, 127.1482547, 37.4786076
별빛개냥 애견카페,미사강변중앙로 157 리버테라스 1층 수변공원방향, 127.190722, 37.56058299999999
세이멍 애견카페,미사강변동로84번길 39 3층, 127.1951591, 37.5633879
캔디독 애견카페,미사강변중앙로 219 레이크힐 305호, 127.1885507, 37.566078
리츠펫 동탄능동점 애견카페,동탄지성로 142 에이앤비프라자 7층, 127.060133, 37.20986129999999
빙고 애견카페,영통로 23, 127.064202, 37.2326867
페로하임 애견카페,효행로 1020, 127.0392816, 37.2125343
플레이어스 애견카페,노작로1길 35-1, 127.0789471, 37.196435
하울링 애견카페,동탄순환대로29길 64 골든프라자 2층, 127.1089737, 37.2035622
하이디펫 애견카페,동탄치동천로3길 17, 127.1230532, 37.20395600000001
허그독 애견카페,남양읍 남양, 126.8142833, 37.207878
강아지똥 애견카페,논현로115길 71, 127.027185, 37.50828659999999
글램독그라운드 삼성점,테헤란로83길 49, 127.056374, 37.5104971
다독인더씨티 애견카페,논현로101길 10, 127.0340341, 37.5045647
더왈츠 애견카페,역삼로 134 1층, 127.0343027, 37.4940724
멍돌핀 애견카페,강남대로120길 47 2층, 127.02722, 37.5079418
봉브라더스 애견카페,강남대로118길 39 2층, 127.0262398, 37.50730029999999
애니멀고파크 논현점,봉은사로47길 59, 127.0397747, 37.5135229
전설의강아지,선릉로115길 22, 127.0411376, 37.5120274
레인바우 강동점 애견카페,고덕로10길 26 3층, 127.1297746, 37.55351419999999
뭉스벨리 애견카페,"천호대로 1045 2,3층", 127.1266728, 37.5380754
꽃보다개,강북구 한천로 1103, 127.0209171, 37.643823
리리앤펫 애견카페,강북구 한천로131길 33 2층, 127.0268777, 37.6378876
노블도그 애견카페,강서로 237 2층, 126.8358714, 37.5468258
놀러오개 애견카페,까치산로 33 2층, 126.843902, 37.5426897
멍멍이다방 애견카페,화곡로 117-1 2층, 126.834868, 37.5404069
오늘도댕댕 애견카페,방화동로 59 2층, 126.8120799, 37.565787
왓더독 애견카페,양천로 344 대방디엠, 126.8400486, 37.5700746
카카오독 애견카페,곰달래로60길 33 지층, 126.8632782, 37.5307544
커멍커멍 애견카페,강서로 385 우성SB타워 10층, 126.8383286, 37.5601817
펫티 애견카페,공항대로 222 발산W타워Ⅱ 4층 403호, 126.8331073, 37.5586645
OMW 애견카페,화곡로 194-26 1층, 126.8426043, 37.5419444
도그 인 시티,신림로 286 2층, 126.9309226, 37.48006649999999
도그루프탑,봉천로 236 3층(신림동, 126.9275346, 37.48913
독특하개,신림동길 23-1 뉴코리아빌딩, 126.926148, 37.4868513
미어캣족장 애견카페,동일로20길 72 3층, 127.0674954, 37.54021729999999
히릿 서울건대점 애견카페,광나루로 404 3층, 127.074404, 37.5469318
개편한카페 애견카페,금하로 726, 126.9102521, 37.4503296
놀면뭐하개,남부순환로 1390 4층, 126.9051887, 37.4797939
부띠끄멍수제간식  애견카페,시흥대로 291, 126.8966191, 37.4597003
도니바니 애견카페,상계로 71-1 2층, 127.0629736, 37.6566014
루프독 애견카페,동일로 1027 5층, 127.0738653, 37.621786
카페멍스 애견카페,상계로5길 19, 127.0635645, 37.6569224
애니멀고파크 도봉점,도봉구 우이천로 296, 127.0296796, 37.6441693
김바니네 애견카페,전농로 36, 127.0574132, 37.56796469999999
두젠틀 장승배기역점 애견카페,상도로 217-4, 126.942865, 37.5053806
배추공주와페키들의감성놀이터 애견카페,상도로58길 4 경원빌딩, 126.9530276, 37.4958777
웰컴댕댕 애견카페,등용로 88 2층, 126.9323742, 37.5090752
겨울이 머무는 집 애견카페,와우산로17길 19-5, 126.9218476, 37.5499182
구름뜬하늘 애견카페,와우산로27길 21 2층, 126.9271021, 37.5541595
그냥 방실 애견카페,희우정로20길 71 1층, 126.9041973, 37.5562089
더귀여워 애견카페,와우산로17길 15, 126.9220952, 37.5500187
써니네 애견카페,양화로18안길 16, 126.9254042, 37.55668729999999
카페곳 애견카페,홍제내2나길 2 2층 3층 루프탑, 126.9364044, 37.58480479999999
카페멈무이 애견카페,간호대로 35 지하1층, 126.9472992, 37.5969051
개랑놀아주는남자,사평대로56길 4 지하1층, 127.0226821, 37.5034333
동건's 애견카페,방배중앙로 157 대흥빌딩 a동 2층, 126.9862143, 37.49310589999999
진쇼니샵 애견카페,강남대로97길 23 1층, 127.0184576, 37.5144235
강아지카페 카페개네,보문로34길 80 지층, 127.019693, 37.591134
수피야카페 애견카페,송이로 202 1층 104호, 127.128204, 37.4898522
킨더독 애견카페,삼전로 53 뜨레피움 지하1층, 127.0872676, 37.50385
개버랜드 목동 애견카페,"목동서로 349 센트럴프라자 2층 211,212호", 127.2318563, 37.2341889
네발로오시개 애견카페,신월로 164 208호, 126.8419947, 37.5177016
카페멍 목동점 애견카페,오목로 337-10 소망빌딩 5층, 126.8753593, 37.5251801
페츠베리머치 애견카페,한강대로84길 20, 126.9736284, 37.54358769999999
개상전 애견카페,통일로 727-5 3층, 126.9291737, 37.6101863
디어도그 본점 애견카페,응암로12길 32-1, 126.9199584, 37.58679
런닝독 응암점 애견카페,가좌로 251 2층, 126.9151403, 37.5914186
메르시몽프레 애견카페,통일로 870 M타워 지층, 126.9204168, 37.6206602
강아지대학로 애견카페,대학로12길 92 지하1층, 127.0036798, 37.5800539
다시사랑받개 애견카페,용마산로139나길 83 1층, 127.1035868, 37.6189303
독 블레스 유 애견카페,봉화산로56길 46 2층, 127.0982814, 37.60642410000001
똥강아지 애견카페,용마산로 248 6층 601호, 127.0884742, 37.5751565
달쯔커피앤펍,계양대로129번길 1 1층, 126.7222222, 37.5352456
러블리독,장제로 731 성웅빌딩 201호, 126.7335607, 37.53315759999999
도그아지트 애견카페,만수로111번길 29 2층, 126.7369121, 37.4654804
리틀독 애견카페,석산로184번길 1, 126.7125608, 37.4604872
멍집사 애견카페,예술로 206 B동 302호, 126.7019424, 37.452387
새로쉼터 애견카페,포구로 73 B동 2층, 126.7357043, 37.40478999999999
파파독 애견카페,남동대로 906 대양빌딩 1층, 126.708485, 37.46323950000001
포레스트펫 애견카페,소래역남로16번길 75 에코메트로더타워 2층, 126.7335738, 37.3994689
개이득 애견카페,영흥면 선재로 76-10 리틀미코노스 303동 101호, 126.5317565, 37.2353953
봉봉 인천 애견카페,경인로 25 숭의빌딩 302호, 126.6458269, 37.46361299999999
엘빈 애견카페,한나루로 511, 126.6674798, 37.4526402
피크닉애견카페,미추홀대로 533, 126.6785251, 37.44497329999999
뛰뛰 강아지놀이터 애견카페,경원대로 1358-1 302호, 126.7197826, 37.49097520000001
멍생멍사 애견카페,체육관로 14 삼성메디플러스 올리브영 건물 7층, 126.7330765, 37.50834
쿠쿠네 애견카페,"부평문화로194번길 39 2, 3층", 126.7368419, 37.49194740000001
펫톡 애견카페,부평문화로 70-2 3층, 126.7239583, 37.493766
프리독 애견카페,원적로 407 2층, 126.7116224, 37.5039551
누닝 펫푸드카페,청라커낼로 270 B1층, 126.6448915, 37.5324817
마이달링독 애견카페,청라에메랄드로102번길 8-18 청라캐널큐브 8층, 126.6585179, 37.5334578
오미네커피 청라스퀘어7 애견카페,청라루비로 76 B125호, 126.6419507, 37.532315
주스주스 애견카페,장고개로 278, 126.6827707, 37.4883393
칸지독 애견카페,중봉대로586번길 9-19, 126.6522047, 37.5326516
도그의 하루,컨벤시아대로 81, 126.6501562, 37.39490139999999
멍멍으르렁컹컹,새말로 82 태원오피스텔 1층, 126.6786642, 37.41894049999999
우프우프 인천 애견카페,하늘달빛로64번길 6-3, 126.5604047, 37.4857372
위풍당당 애견카페 월미점,월미로260번길 14, 126.5975184, 37.4740346
제이펫하우스,우현로 41-1, 126.6279999, 37.4711588
펫38도씨,운중로 99, 126.5444577, 37.4940413
해피짱,우현로35번길 16 2층, 126.6260183, 37.47059790000001
가보자도그빌리지 가평,상면 서대길 58, 127.3814814, 37.7764786
도그랜드 애견카페,조종면 운악청계로 238-68, 127.3553688, 37.8358149
도토리와두부 애견카페,설악면 자잠로 377, 127.4911184, 37.7029865
아웃팅 애견카페,상면 수목원로 135 1층, 127.3634472, 37.7651873
힐링히어 애견카페,청평면 청평리 738-1, 127.413428, 37.7348174
멜팅,천보산로 628, 127.0927349, 37.88554219999999
개스타하우스 애견카페,일산동구 진밭로 7-30, 126.8000657, 37.7004163
멍스필드 애견카페,덕양구 충장로 614-49, 126.8501471, 37.6643876
멍클레르 애견카페,"덕양구 무민로35번길 1 지하1층, 1층", 126.8778952, 37.69828229999999
밍글독 애견카페,일산동구 견달산로369번길 242, 126.8098241, 37.6943458
카페애몽 애견카페,덕양구 북한산로387번길 59, 126.9495371, 37.6630431
코코앤몽 펫카페 애견카페,덕양구 고양대로 1760 5층, 126.876755, 37.64553659999999
퍼피펜트하우스 애견카페,일산동구 백마로 478 B동 304호, 126.8014822, 37.6606712
포시즌 애견카페,덕양구 흥도로 293 1층, 126.8572911, 37.6322115
포켓멍스터 애견카페,일산서구 덕산로99번길 110, 126.7136143, 37.6995192
피터팻츠 애견카페,덕양구 대주로 358-78, 126.8195308, 37.6501618
미밍코 롯데몰광명점 애견카페,일직로 17 롯데몰 광명점 6층, 126.8841582, 37.42471349999999
독스아웃 광주 애견카페,도척면 도척로803번길 68-10, 127.3159296, 37.2827357
땡구네 애견카페,곤지암읍 광여로 300-85, 127.3821478, 37.3552957
수리 애견카페,곤지암읍 열미길 431, 127.3568494, 37.38555059999999
위드댕댕이 애견카페,오포읍 고산길 54 1층, 127.2265901, 37.3717345
코코밸리 애견카페,남한산성면 남한산성로 259, 127.224453, 37.4565707
티파니 가든 애견카페,오포읍 보뚱치길 25, 127.2036334, 37.3390423
포로록 애견카페,동구릉로 301-28, 127.1388677, 37.62413799999999
비숲 애견카페,둔대로 28, 126.8891739, 37.3257409
퍼피포레스트 애견카페,송부로12번길 46, 126.921263, 37.3134525
개들의수다,고촌읍 은행영사정로51번길 42, 126.7764146, 37.6045285
개으른세상 애견카페,하성면 석평로 90, 126.6434261, 37.7218284
견생역전 애견카페,양촌읍 김포대로1750번길 29, 126.6449214, 37.6705433
도그캠프 공항점 애견카페,고촌읍 신기신동로44번길 75, 126.7740575, 37.6125169
도그캠프 김포 애견카페,하성면 금포로1915번길 65, 126.660923, 37.6997354
독탑라운지 애견카페,김포한강9로 77 연세3차 8층, 126.6254076, 37.6438559
레드퍼피 애견카페,월곶면 김포대로 2722 1층, 126.5519413, 37.71158440000001
사뿐사뿐 애견카페,월곶면 점동로 2 1층 2층, 126.5574929, 37.7178944
아이러브퍼피 본점 애견카페,김포한강11로 398, 126.692811, 37.653114
젤리네하우스 애견카페,월곶면 용강로 47, 126.5575451, 37.72338829999999
개다방 애견카페 남양주,오남읍 양지로319번길 17, 127.190764, 37.7013322
개떼놀이터 남양주점,진건읍 사릉로280번길 7, 127.1903415, 37.64993
그라운독 남양주,진접읍 금강로1633번길 81-3, 127.1857904, 37.7357044
늘푸른초원 애견카페,수동면 지둔로 71-3 운수리223, 127.3187426, 37.7026887
댕그라미 애견카페,진접읍 광릉수목원로 150-35 1층, 127.1923319, 37.7498252
도그라운지 남양주 애견카페,불암로 35 3층, 127.1115563, 37.6442935
도그맥스 애견카페,와부읍 석실로율석길 108-13, 127.2218283, 37.6163886
독스아웃 남양주,화도읍 북한강로 1542-1, 127.365243, 37.6460015
랑랑이네 정원 애견카페,와부읍 수레로486번길 5, 127.2587371, 37.6073716
리블링코코 애견카페,별내면 송산로 519-7 1층, 127.133569, 37.6869859
멍블럭 애견카페,수동면 비룡로1378번길 36-6, 127.2867334, 37.7438298
물동네 애견카페,수동면 비룡로 945, 127.315726, 37.7171698
봉봉 남양주 애견카페,와부읍 수레로116번길 38, 127.2241227, 37.5900427
소소온기 애견카페,수동면 비룡로 1621-99, 127.2704832, 37.7579891
애견카페왕,경춘로773번길 12-16, 127.1916851, 37.6282284
애견테마아우름 애견카페,와부읍 고래산로86번길 28, 127.2786553, 37.6079149
온사이드 애견카페,퇴계원읍 별내2로 203-11 1층, 127.1375281, 37.64732
코니아일랜드 애견카페,화도읍 북한강로 1627, 127.3686495, 37.6534831
퍼피빈 애견카페,진접읍 경복대로바람골길 6 1층, 127.2096974, 37.7142578
퍼피야드 애견카페,오남읍 진건오남로숫돌1길 1, 127.2149796, 37.6941271
프렌치불독스토리 애견카페,강변북로661번길 23, 127.1688559, 37.59047380000001
오도독 애견카페,삼육사로 1324-25, 127.09413, 37.8897377
앙쥬레브펫 롯데백화점중동점 애견카페,길주로 300 롯데백화점 중동 11층, 126.7753575, 37.5025175
더독애견카페,분당구 석운로120번길 4, 127.0454967, 37.3732699
도그365 애견카페,분당구 새마을로51번길 5, 127.1366895, 37.38376
라드독 애견카페,중원구 마지로 130-5, 127.1440983, 37.4270517
라이크펫 애견카페,중원구 성남대로 1110 건물 2층, 127.1299041, 37.4287899
ban dog cafe 애견카페,수정구 복정로 63-1, 127.1264771, 37.4586367
멍그라운드 수원 애견카페,팔달구 경수대로 424-1 6층, 127.0260923, 37.2640175
베리하오 애견카페,팔달구 권광로196번길 17-6 4층, 127.0346408, 37.2649588
아이러브퍼피 수원광교점 애견카페,영통구 웰빙타운로36번길 46-246 3F, 127.0548335, 37.3118325
오몬드 애견카페,영통구 광교호수공원로 277, 127.0565086, 37.2844787
펫클럽 서수원점 애견카페,권선구 서부로 1616, 126.9753785, 37.2534171
레인바우시흥점,신형로 127, 126.7768228, 37.4028825
영화산장 애견카페,하우로 181-20 1층, 126.7808817, 37.4704033
코코 애견카페,하우로 152, 126.7835602, 37.4688451
루프앤독 애견카페,상록구 중보로 23 대정프라자 6층(노브랜드 건물, 126.8499212, 37.3061651
멍쓰런 애견카페,상록구 가루개로 165-5, 126.8504095, 37.3444664
오르치그로치 애견카페,단원구 고잔로 112 신광프라자 3층, 126.8385446, 37.31866249999999
개느님 애견카페,영봉로 212, 127.2889226, 37.0036113
개집 애견카페,원곡면 산직길 30-61, 127.0660196, 37.08206
견마루 애견카페,원곡면 지문북길 22-26, 127.1462721, 37.06284650000001
농협안성팜랜드 파라다이스독,공도읍 대신두길 28, 127.1931869 36.9920809
도기헤븐 애견카페,삼죽면 서동대로 6392, 127.3705053, 37.0617837
멍뭉아 놀다가 애견카페,공도읍 문터길 38-5, 127.1975622, 37.01115069999999
펫피랜드 애견카페,원곡면 산직길 30-61, 127.149441, 37.0882971
풀독,원곡면 방삼길 16-18, 127.1599063, 37.05077679999999
루체인알티스 애견카페,만안구 태평로60번길 42 508호, 126.9307672, 37.39618710000001
네이처독 애견카페,장흥면 호국로550번길 107, 126.9886076, 37.7125992
두루두루 애견카페,장흥면 권율로 666, 126.9655073, 37.7639605
멍떼루와 애견카페,"부흥로1907번길 50 1, 2F", 127.0751139, 37.795246
보니퍼피 애견카페,회천남로 76, 127.0940743, 37.8186854
보크아웃도어카페 애견카페,은현면 화합로941번길 101-8, 127.0269136, 37.8652817
브루하하 애견카페,송랑로 211 1층~2층, 127.0855915, 37.8033729
퍼피킹덤,화합로1597번길 157 1층, 127.0797527, 37.8430464
댕댕그라운드 양평 애견카페,개군면 공서울길 88번길 28-2, 127.5381878, 37.4646689
브릭야드,옥천면 상곡길 35-4, 127.4374093, 37.5281461
뽀야쌀롱 애견카페,양서면 목왕로688번길 47, 127.3905589, 37.5648725
파크드차밍,양동면 아래배네1길 36-28, 127.7822642, 37.38980589999999
카페 하일런,세종대왕면 영릉로 489-6, 127.60993, 37.321342
프랜들리독 애견카페,가남읍 안금2길 41-90, 127.5956068, 37.2281078
플러피펍 애견카페,흥천면 문바실길 107-4, 127.5064308, 37.3610749
랩도그빌 애견카페,청창로 200번길 33, 127.0889105 38.0079419
댕댕이블루스 애견카페,배무니로 19 2층, 127.0255387, 37.1742453
퍼피플 본점 애견카페,서동로157번길 30-8, 127.0375673, 37.1548979
개떼놀이터 용인점,기흥구 용구대로2335번길 47, 127.1066781, 37.2984239
개린이네 애견카페,기흥구 고매로43번길 12-23, 127.1162736, 37.2316413
개버랜드 용인 애견카페,처인구 마평동 457-1,POINT(127.231998, 37.234157
견사무소 애견카페,기흥구 용구대로1855번길 91, 127.1031594, 37.260275
레이크더독 애견카페,처인구 남사읍 삼인로 148, 127.1420752, 37.1565463
멍스독 애견카페,기흥구 사은로84번길 5 3층, 127.1147975, 37.2554327
아로하스토리 애견카페,처인구 이동읍 백자로 121-3, 127.1701017, 37.2126265
양지파인펫파크 애견카페,처인구 양지면 남평로 112, 127.2958629, 37.2143153
어몽더독 애견카페,처인구 백암면 근곡로107번길 29, 127.3510729, 37.17897670000001
울루라떼 애견카페,처인구 모현읍 모산로 79, 127.2591542, 37.34792280000001
카사보니타 애견카페,기흥구 신정로243번길 22, 127.0961409, 37.2917353
카페댕스,수지구 성복2로301번길 5 1~2층, 127.0761622, 37.3045773
커피먹고멍멍 애견카페,처인구 이동읍 이원로 517, 127.2405761, 37.1658883
컨츄리독힐링파크,처인구 모현읍 월촌로 76-1, 127.2370878, 37.33206179999999
타카독스 애견카페,"기흥구 죽전로 33 901호 (보정동, 이데아프라자", 127.1125103, 37.32072269999999
티키타카독 애견카페,처인구 양지면 식금로 37, 127.3306487, 37.2554926
펠리스뻬로시티 애견카페,기흥구 동탄기흥로785번길 21-3, 127.0995724, 37.227667
펫앤스토리 애견카페,처인구 모현읍 곡현로 748-1, 127.2298099, 37.348954
헤이그 애견카페,기흥구 중부대로 769-10, 127.1426311, 37.2597438
로뎀하우스 애견카페,손골길 20-1, 126.9857873, 37.3782982
독플래닛  애견카페,입석로 73, 127.0173384, 37.7548339
카페랄라 애견카페,고산로163번길 80, 127.10534, 37.7362142
개들의정원 애견카페,설성면 설가로219번길 176, 127.5044123, 37.158153
레이지독 애견카페,마장면 마도로248번길 73, 127.3501269, 37.2799588
청계천카페 애견카페,안흥동 248-13, 127.4597446, 37.2732262
카페빼로 애견카페,"부발읍 경충대로1804번길 26 3동 1, 2층", 127.515907, 37.2381312
개가사는그집 애견카페,책향기로 573 월드타워 3차 4층, 126.7342676, 37.7277355
개떼놀이터 파주점,오도동 189-5, 126.7214199, 37.7455376
글램독그라운드,지목로 50, 126.6966204, 37.7259713
독스테이션 애견카페,탄현면 새오리로 126, 126.6872901, 37.7951321
독신남 애견카페,탄현면 새오리로286번길 90, 126.6950807, 37.80636269999999
시노마니아 애견카페,조리읍 뇌조로52번길 52-10, 126.8113939, 37.7510357
오프리쉬 독파크,문산읍 임진나루길 190-1, 126.7898501, 37.8847864
플루프,조리읍 탑삭골1길 31-7 1층, 126.9253398, 37.56238519999999
피피카페,운정4길 54-9, 126.7718365, 37.7211135
hek,탄현면 헤이리마을길 82-154 1F, 126.7016296, 37.7879838
놀다가개 평택,팽성읍 두정3길 47, 127.0322258 36.9462675
더157 애견카페,죽백2길 234-16 1층, 127.1318442, 37.0119237
도도클라스 애견카페,진위면 야막길 88-35, 127.0561762, 37.1261212
띠엠뽀 펫 애견카페,포승읍 한유지길 12, 126.8789341 36.9883865
런닝개 애견카페,청북읍 청오로 297, 126.9698544, 37.0292669
예그리나 애견카페,안중읍 서동대로 1832-16, 126.9515229, 36.9933834
제이독 애견카페,구룡길 78-13, 127.1372049 36.99963169999999
펫스토리 애견카페,고덕면 고덕북로 268, 127.0169852, 37.0669305
그린빌 애견카페,신북면 금동리 11, 127.1397789, 37.9375964
달뜨레 애견카페,소흘읍 광릉수목원로 544-16, 127.1704177, 37.762618
딩가댕가,소흘읍 광릉수목원로 1104 (나동 쭈꾸미킹 뒷건물, 127.1237816, 37.77799960000001
마리앤라온 애견카페,일동면 수입로 241-15, 127.3187892, 37.9866608
몽드드뚜뚜 애견카페,가산면 시우동 2길 124, 127.1804642, 37.832278
바우와우,일동면 화동로 1606, 127.3566593, 37.9951353
오디가개 애견카페,군내면 호국로 1564, 127.2037835, 37.8931307
도리스 애견카페,미사강변중앙로 189 에코브릿지2, 127.1896829, 37.5633282
멍슈슈애견놀이터 애견카페,검단산로 307-37, 127.2349998, 37.5409018
바비앤블리 애견카페,서하남로576번길 28, 127.2040611, 37.52110930000001
안녕강아지 애견카페,미사강변중앙로 221 센트럴파크2 305호, 127.1884427, 37.5663169
펖파크 애견카페,서하남로 23, 127.1465654, 37.51708110000001
푼타하우스 애견카페,서하남로451번길 13-66 2층, 127.1874809, 37.52369050000001
개주아 애견카페,봉담읍 새말안길 52-20 1층, 126.9609409, 37.2207198
댕댕라운지 애견카페,장안면 한천1길 31-7, 126.849399, 37.0678788
댕지트 애견카페,융건로 37-1, 126.9840196, 37.2161641
도그노크 애견카페,향남읍 갈천웃말길 77, 126.9776599, 37.1310434
도그스마일 애견카페,동탄대로 591 서강프라자 5층, 127.0984034, 37.2065811
리츠펫 향남점 애견카페,향남읍 행정서로 32 센타프라자 2층, 126.9150044, 37.1259765
멍선생 애견카페,경기동로 493-18, 127.1260389, 37.1517635
블루플래닛 애견카페,향남읍 발안로 644-60, 126.9774769, 37.1216424
셜록몽즈 애견카페,떡전골로 8 1층, 127.0394271, 37.2009708
슈룹독 애견카페,향남읍 서봉로38번길 61, 126.9118335, 37.099225
아루스 애견카페,매송면 화성로 2298-8, 126.9159196, 37.2512031
알로하디디 애견카페,비봉면 남이로 255, 126.841593, 37.24951659999999
예뜰 애견카페,팔탄면 온천로 295, 126.8717638, 37.1450148
욜로는겁쟁이 애견카페,정남면 세자로 317-47, 126.9808708, 37.196951
위드랜드 롯데백화점 동탄점,오산동 967-2419, 127.0974241, 37.2005702
치프리멍 애견카페,정남면 정남동로207번길 60-16, 127.0173678, 37.1367429
커피프로그램 애견카페,팔탄면 3.1만세로 648, 126.8705864, 37.1077569
헤이브로 화성 애견카페,봉담읍 샘마을길 12 브릭스퀘어 4층, 126.9489806, 37.2187983
두젠틀 애견카페,논현로 534 지하1층, 127.0358013, 37.5040863
반려문화 애견카페,언주로133길 23, 127.0332757, 37.5159279
애니멀고파크 삼성점,삼성로120길 36, 127.053874, 37.518064
펫타리움 애견카페,"영동대로 725 6, 7층", 127.0551421, 37.52243929999999
스테이지28,아리수로61길 105 카페, 127.1469131, 37.5659116
포포앤미루 강동점 애견카페,양재대로89가길 30 3층, 127.1342293, 37.5252287
멍블랑 애견카페,화곡로 248 1층-2층, 126.8459558, 37.547096
지디파크 애견카페,양천로27길 167, 126.8194609, 37.58035760000001
헤이더그린,대장로 58, 126.7939451, 37.5419936
퍼피앤커피,신림동 1637-18, 126.9294782, 37.4815035
혼자두면장판뜯어서차린개카페,남부순환로 1665 3층, 126.9356716, 37.4850696
다니맘 애견카페,한글비석로23길 26 1층, 127.0709945, 37.6596599
한끼멍냥,신대방4길 5, 126.9115233, 37.48831499999999
멍멍박스 애견카페,잔다리로6길 28-1 1층, 126.920637, 37.55202
우연희 애견카페,성산로 333 2층, 126.9273596, 37.5661676
행복하개키울고양 애견카페,고려대로11길 24 2층, 127.0218412, 37.5873143
위드멍 애견카페,가락로 98 4층 루프탑, 127.1092322, 37.515061
카페루 애견카페,동남로29길 8-10 205호, 127.1385146, 37.5057323
개떼놀이터 인천점,다남로 278, 126.7088629, 37.570221
내일더사랑해 애견카페,선수촌공원로23번길 6-17 메이채프라자 5층, 126.7092983, 37.4418809
하비파크,만의골로 195번길 46, 126.7714832, 37.4605784
러브독,내가면 강화서로 48, 126.3826522, 37.7065255
몬테,화도면 해안남로 1288-12, 126.4575574, 37.602008
카페흐노니,길상면 해안남로 328-7, 126.5180002, 37.6095805
아틀리독 애견카페,함봉로36번길 22-44 1층, 126.6973324, 37.48267209999999
멍글팩토리 애견카페,거북로 12, 126.6630178, 37.5032474
포근하개 애견카페,완정오 30, 126.6710081, 37.5957409
댕댕쓰,한나루로 87 주문빌딩 5층, 126.6474301, 37.42253729999999
앙쥬레브 송도점,송도과학로16번길 33-2 B동 3층, 126.6606712, 37.3804752
놀개나개,운중로14번길 28, 126.5368275, 37.4917495
독독카페,공항서로 519 B동 1층, 126.4013472, 37.4591255
마당개,중산로29번길 144-22, 126.5530999, 37.5112909
앤드,백운로107번길 68-7, 126.5387417, 37.5010436
카페 라봉,용유서로174번길 54, 126.3831082, 37.4457381
BON9,백운로228번길 100, 126.5263811, 37.5114471
문막휴게소 강릉방향,문막읍 원문로 1234, 127.8582645, 37.3352782
가평휴게소 춘천방향,설악면 미사리로540번길 51, 127.5469854, 37.7020974
용인휴게소 강릉방향,처인구 주북로94번길 30-1 (고림동 11번지, 127.2419807, 37.24557869999999
덕평자연휴게소,마장면 덕이로154번길 287-76, 127.3901886, 37.2412764
매송휴게소 목포방향,매송면 서해안고속도로 315, 126.8888317, 37.2652606
화성휴게소 목포방향,팔탄면 서해안고속도로 301, 126.8790691, 37.14361299999999
진주휴게소 부산방향,남해고속도로 194, 128.1220527, 35.15969090000001
화서휴게소 상주방향,화서면 상용리 396-13, 127.9226368, 36.4440513
신탄진휴게소 서울방향,산업단지로 27, 127.4184375, 36.4268125
군산휴게소 서울방향,나포면 서해안고속도로 3182, 126.7976956, 36.01883049999999
오수휴게소 완주방향,오수면 순천완주고속도로 74, 127.3116304, 35.5402639
정읍녹두장군휴게소 순천방향,북면 정신로 135-61, 126.8620089, 35.6014572
행담도휴게소,신평면 서해안고속도로 275, 126.8075316, 36.944829
서산휴게소 목포방향,해미면 서해안고속도로 241, 126.565031, 36.7429749
단양팔경휴게소 부산방향,적성면 기동2길 32-37, 128.2876091, 36.9954061
금왕휴게소 제천방향,금왕읍 평택제천고속도로 70, 127.5907701, 36.9692362
오창휴게소 하남방향,청원구 오창읍 중부고속도로 20, 127.4818621, 36.7565849
죽암휴게소 서울방향,서원구 현도면 경부고속도로 290, 127.4308316, 36.4969741
충주휴게소 양평방향,중앙탑면 중부내륙고속도로 230, 127.8392751, 37.0232328